benchmark,raw_file,compute_capacity,sim_instructions,scheduler,intermediate_capacity,min_layer_distance,compile_mem_accesses,compile_prefetch_coverage,baseline_ipc,baseline_mem_phys_qubits,ipc,mem_phys_qubits,sim_miss_rate_pct,prefetch_ready_on_load_pct
cr2,BQ_e_cr2_120_d100_t1M_T5M.xz,4,1000000,eif_baseline,0,0,265174,,0.669,0,0.08,88084,,
cr2,BQ_e_cr2_120_d100_t1M_T5M.xz,4,1000000,singlepass_eif,4,25,265221,0.836,0.669,0,0.101,98024,,34.92606764474013
cr2,BQ_e_cr2_120_d100_t1M_T5M.xz,4,1000000,singlepass_eif,4,50,265218,0.589,0.669,0,0.158,98024,,89.73356345396688
cr2,BQ_e_cr2_120_d100_t1M_T5M.xz,4,1000000,singlepass_eif,4,75,265231,0.447,0.669,0,0.131,98024,,96.27793296089385
cr2,BQ_e_cr2_120_d100_t1M_T5M.xz,4,1000000,singlepass_eif,8,75,265233,0.803,0.669,0,0.157,101544,,69.48845180446783
cr2,BQ_e_cr2_120_d100_t1M_T5M.xz,4,1000000,singlepass_eif,8,100,265205,0.681,0.669,0,0.187,101544,,92.03554270255142
cr2,BQ_e_cr2_120_d100_t1M_T5M.xz,4,1000000,singlepass_eif,8,125,265187,0.582,0.669,0,0.157,101544,,98.36819183827087
cr2,BQ_e_cr2_120_d100_t1M_T5M.xz,4,1000000,singlepass_eif,16,150,265195,0.903,0.669,0,0.258,108584,,91.10517810721562
cr2,BQ_e_cr2_120_d100_t1M_T5M.xz,4,1000000,singlepass_eif,16,175,265237,0.866,0.669,0,0.285,108584,,96.87517081792176
cr2,BQ_e_cr2_120_d100_t1M_T5M.xz,4,1000000,singlepass_eif,16,200,265185,0.836,0.669,0,0.273,108584,,98.86077377147798
cr2,BQ_e_cr2_120_d100_t1M_T5M.xz,4,1000000,singlepass_eif,24,200,265200,0.992,0.669,0,0.549,81256,,98.09758954149059
cr2,BQ_e_cr2_120_d100_t1M_T5M.xz,4,1000000,singlepass_eif,24,225,265182,0.987,0.669,0,0.551,81256,,98.62117279921029
cr2,BQ_e_cr2_120_d100_t1M_T5M.xz,4,1000000,singlepass_eif,24,250,265263,0.981,0.669,0,0.545,81256,,99.09908465718729
cr2,BQ_e_cr2_120_d100_t1M_T5M.xz,4,1000000,singlepass_eif,32,250,265170,1.0,0.669,0,0.629,88296,,99.77207799303746
cr2,BQ_e_cr2_120_d100_t1M_T5M.xz,4,1000000,singlepass_eif,32,275,265203,0.999,0.669,0,0.628,88296,,99.7704703016676
cr2,BQ_e_cr2_120_d100_t1M_T5M.xz,4,1000000,singlepass_eif,32,300,265213,0.999,0.669,0,0.627,88296,,99.81083700716006
cr2,BQ_e_cr2_120_d100_t1M_T5M.xz,8,1000000,eif_baseline,0,0,213083,,0.723,0,0.086,88084,,
cr2,BQ_e_cr2_120_d100_t1M_T5M.xz,8,1000000,singlepass_eif,4,25,213198,0.819,0.723,0,0.113,98024,,24.658713271331916
cr2,BQ_e_cr2_120_d100_t1M_T5M.xz,8,1000000,singlepass_eif,4,50,213182,0.592,0.723,0,0.186,98024,,81.68027628054094
cr2,BQ_e_cr2_120_d100_t1M_T5M.xz,8,1000000,singlepass_eif,4,75,212838,0.445,0.723,0,0.158,98024,,97.37424461656312
cr2,BQ_e_cr2_120_d100_t1M_T5M.xz,8,1000000,singlepass_eif,8,75,212636,0.784,0.723,0,0.169,101544,,60.016866334300666
cr2,BQ_e_cr2_120_d100_t1M_T5M.xz,8,1000000,singlepass_eif,8,100,212678,0.665,0.723,0,0.216,101544,,88.0481761078776
cr2,BQ_e_cr2_120_d100_t1M_T5M.xz,8,1000000,singlepass_eif,8,125,212937,0.577,0.723,0,0.191,101544,,98.4324467031879
cr2,BQ_e_cr2_120_d100_t1M_T5M.xz,8,1000000,singlepass_eif,16,150,212927,0.91,0.723,0,0.421,74216,,93.0296668575185
cr2,BQ_e_cr2_120_d100_t1M_T5M.xz,8,1000000,singlepass_eif,16,175,212881,0.883,0.723,0,0.437,74216,,96.96639260244694
cr2,BQ_e_cr2_120_d100_t1M_T5M.xz,8,1000000,singlepass_eif,16,200,213426,0.859,0.723,0,0.426,74216,,99.39879759519039
cr2,BQ_e_cr2_120_d100_t1M_T5M.xz,8,1000000,singlepass_eif,24,200,213192,0.991,0.723,0,0.649,81256,,98.98876186409426
cr2,BQ_e_cr2_120_d100_t1M_T5M.xz,8,1000000,singlepass_eif,24,225,212874,0.988,0.723,0,0.653,81256,,99.24964431191408
cr2,BQ_e_cr2_120_d100_t1M_T5M.xz,8,1000000,singlepass_eif,24,250,213061,0.983,0.723,0,0.645,81256,,99.4671577173977
cr2,BQ_e_cr2_120_d100_t1M_T5M.xz,8,1000000,singlepass_eif,32,250,213381,0.999,0.723,0,0.691,88296,,99.89143684290721
cr2,BQ_e_cr2_120_d100_t1M_T5M.xz,8,1000000,singlepass_eif,32,275,212984,0.998,0.723,0,0.689,88296,,99.89626954550694
cr2,BQ_e_cr2_120_d100_t1M_T5M.xz,8,1000000,singlepass_eif,32,300,212937,0.998,0.723,0,0.689,88296,,99.90005573814604
cr2,BQ_e_cr2_120_d100_t1M_T5M.xz,12,1000000,eif_baseline,0,0,193579,,0.736,0,0.087,88084,,
cr2,BQ_e_cr2_120_d100_t1M_T5M.xz,12,1000000,singlepass_eif,4,25,189706,0.831,0.736,0,0.125,98024,,24.05927451033511
cr2,BQ_e_cr2_120_d100_t1M_T5M.xz,12,1000000,singlepass_eif,4,50,193817,0.609,0.736,0,0.186,98024,,79.0289154248495
cr2,BQ_e_cr2_120_d100_t1M_T5M.xz,12,1000000,singlepass_eif,4,75,195685,0.461,0.736,0,0.163,98024,,96.98418216582652
cr2,BQ_e_cr2_120_d100_t1M_T5M.xz,12,1000000,singlepass_eif,8,75,193878,0.799,0.736,0,0.169,101544,,58.18200341288236
cr2,BQ_e_cr2_120_d100_t1M_T5M.xz,12,1000000,singlepass_eif,8,100,193822,0.681,0.736,0,0.216,101544,,86.41935005193649
cr2,BQ_e_cr2_120_d100_t1M_T5M.xz,12,1000000,singlepass_eif,8,125,195545,0.599,0.736,0,0.197,101544,,97.84351861330057
cr2,BQ_e_cr2_120_d100_t1M_T5M.xz,12,1000000,singlepass_eif,16,150,193422,0.929,0.736,0,0.44,74216,,92.8525648109267
cr2,BQ_e_cr2_120_d100_t1M_T5M.xz,12,1000000,singlepass_eif,16,175,193475,0.907,0.736,0,0.449,74216,,96.15052492841885
cr2,BQ_e_cr2_120_d100_t1M_T5M.xz,12,1000000,singlepass_eif,16,200,192032,0.885,0.736,0,0.515,74216,,99.06270040945192
cr2,BQ_e_cr2_120_d100_t1M_T5M.xz,12,1000000,singlepass_eif,24,200,193767,0.993,0.736,0,0.672,81256,,99.26136941703123
cr2,BQ_e_cr2_120_d100_t1M_T5M.xz,12,1000000,singlepass_eif,24,225,193853,0.991,0.736,0,0.671,81256,,99.41685017535275
cr2,BQ_e_cr2_120_d100_t1M_T5M.xz,12,1000000,singlepass_eif,24,250,194960,0.988,0.736,0,0.665,81256,,99.60625076904147
cr2,BQ_e_cr2_120_d100_t1M_T5M.xz,12,1000000,singlepass_eif,32,250,195195,0.999,0.736,0,0.693,88296,,99.93350543690839
cr2,BQ_e_cr2_120_d100_t1M_T5M.xz,12,1000000,singlepass_eif,32,275,195992,0.999,0.736,0,0.699,88296,,99.88097639701432
cr2,BQ_e_cr2_120_d100_t1M_T5M.xz,12,1000000,singlepass_eif,32,300,193824,0.998,0.736,0,0.702,88296,,99.95159533701747
cr2,BQ_e_cr2_120_d100_t1M_T5M.xz,16,1000000,eif_baseline,0,0,187003,,0.733,0,0.085,88084,,
cr2,BQ_e_cr2_120_d100_t1M_T5M.xz,16,1000000,singlepass_eif,4,25,190478,0.85,0.733,0,0.113,98024,,21.13819132665647
cr2,BQ_e_cr2_120_d100_t1M_T5M.xz,16,1000000,singlepass_eif,4,50,190519,0.627,0.733,0,0.183,98024,,77.5350249828549
cr2,BQ_e_cr2_120_d100_t1M_T5M.xz,16,1000000,singlepass_eif,4,75,189591,0.473,0.733,0,0.162,98024,,96.51107354917002
cr2,BQ_e_cr2_120_d100_t1M_T5M.xz,16,1000000,singlepass_eif,8,75,188071,0.82,0.733,0,0.244,67176,,59.390705946029534
cr2,BQ_e_cr2_120_d100_t1M_T5M.xz,16,1000000,singlepass_eif,8,100,190443,0.698,0.733,0,0.279,67176,,89.32298635268933
cr2,BQ_e_cr2_120_d100_t1M_T5M.xz,16,1000000,singlepass_eif,8,125,191079,0.608,0.733,0,0.242,67176,,98.20724642649024
cr2,BQ_e_cr2_120_d100_t1M_T5M.xz,16,1000000,singlepass_eif,16,150,190494,0.938,0.733,0,0.438,74216,,92.88673268204072
cr2,BQ_e_cr2_120_d100_t1M_T5M.xz,16,1000000,singlepass_eif,16,175,188885,0.918,0.733,0,0.454,74216,,95.49895404703341
cr2,BQ_e_cr2_120_d100_t1M_T5M.xz,16,1000000,singlepass_eif,16,200,188931,0.896,0.733,0,0.445,74216,,98.23760408781226
cr2,BQ_e_cr2_120_d100_t1M_T5M.xz,16,1000000,singlepass_eif,24,200,190250,0.995,0.733,0,0.684,81256,,99.45561835106383
cr2,BQ_e_cr2_120_d100_t1M_T5M.xz,16,1000000,singlepass_eif,24,225,189853,0.993,0.733,0,0.673,81256,,99.4852683810661
cr2,BQ_e_cr2_120_d100_t1M_T5M.xz,16,1000000,singlepass_eif,24,250,189639,0.99,0.733,0,0.665,81256,,99.66532522996057
cr2,BQ_e_cr2_120_d100_t1M_T5M.xz,16,1000000,singlepass_eif,32,250,191555,0.999,0.733,0,0.702,88296,,99.96908618770867
cr2,BQ_e_cr2_120_d100_t1M_T5M.xz,16,1000000,singlepass_eif,32,275,192935,0.999,0.733,0,0.702,88296,,99.95075104654026
cr2,BQ_e_cr2_120_d100_t1M_T5M.xz,16,1000000,singlepass_eif,32,300,189120,0.999,0.733,0,0.697,88296,,99.94701338930894
h60,e_h60_121_td_1000by40.bin,4,1000000,eif_baseline,0,0,169906,,0.746,0,0.118,88084,,
h60,e_h60_121_td_1000by40.bin,4,1000000,singlepass_eif,4,25,169813,0.8,0.746,0,0.152,98024,,43.321533763882506
h60,e_h60_121_td_1000by40.bin,4,1000000,singlepass_eif,4,50,169895,0.553,0.746,0,0.211,98024,,91.14573290655972
h60,e_h60_121_td_1000by40.bin,4,1000000,singlepass_eif,4,75,169789,0.42,0.746,0,0.178,98024,,97.27226463104326
h60,e_h60_121_td_1000by40.bin,4,1000000,singlepass_eif,8,75,169827,0.764,0.746,0,0.232,101544,,77.54389914452949
h60,e_h60_121_td_1000by40.bin,4,1000000,singlepass_eif,8,100,169946,0.65,0.746,0,0.242,101544,,94.63931827189853
h60,e_h60_121_td_1000by40.bin,4,1000000,singlepass_eif,8,125,169811,0.56,0.746,0,0.209,101544,,98.29108842757196
h60,e_h60_121_td_1000by40.bin,4,1000000,singlepass_eif,16,150,169869,0.878,0.746,0,0.35,108584,,94.20749704840614
h60,e_h60_121_td_1000by40.bin,4,1000000,singlepass_eif,16,175,169816,0.838,0.746,0,0.35,108584,,97.77920906865903
h60,e_h60_121_td_1000by40.bin,4,1000000,singlepass_eif,16,200,169854,0.803,0.746,0,0.323,108584,,99.0093442930199
h60,e_h60_121_td_1000by40.bin,4,1000000,singlepass_eif,24,200,169868,0.983,0.746,0,0.634,81256,,98.49248414284473
h60,e_h60_121_td_1000by40.bin,4,1000000,singlepass_eif,24,225,169839,0.973,0.746,0,0.628,81256,,99.14805787936675
h60,e_h60_121_td_1000by40.bin,4,1000000,singlepass_eif,24,250,169858,0.961,0.746,0,0.611,81256,,99.52641408751334
h60,e_h60_121_td_1000by40.bin,4,1000000,singlepass_eif,32,250,169880,0.998,0.746,0,0.712,88296,,99.7874285228408
h60,e_h60_121_td_1000by40.bin,4,1000000,singlepass_eif,32,275,169854,0.997,0.746,0,0.708,88296,,99.78073910081744
h60,e_h60_121_td_1000by40.bin,4,1000000,singlepass_eif,32,300,169818,0.995,0.746,0,0.706,88296,,99.8356000597818
h60,e_h60_121_td_1000by40.bin,8,1000000,eif_baseline,0,0,137950,,0.814,0,0.137,88084,,
h60,e_h60_121_td_1000by40.bin,8,1000000,singlepass_eif,4,25,137922,0.76,0.814,0,0.18,98024,,35.34233197307384
h60,e_h60_121_td_1000by40.bin,8,1000000,singlepass_eif,4,50,138047,0.539,0.814,0,0.265,98024,,88.38967754524612
h60,e_h60_121_td_1000by40.bin,8,1000000,singlepass_eif,4,75,137768,0.41,0.814,0,0.223,98024,,97.847809377402
h60,e_h60_121_td_1000by40.bin,8,1000000,singlepass_eif,8,75,137834,0.728,0.814,0,0.282,101544,,74.7971916039143
h60,e_h60_121_td_1000by40.bin,8,1000000,singlepass_eif,8,100,137911,0.622,0.814,0,0.297,101544,,93.64689958548347
h60,e_h60_121_td_1000by40.bin,8,1000000,singlepass_eif,8,125,138137,0.543,0.814,0,0.258,101544,,98.96325139936724
h60,e_h60_121_td_1000by40.bin,8,1000000,singlepass_eif,16,150,138115,0.868,0.814,0,0.544,74216,,96.875
h60,e_h60_121_td_1000by40.bin,8,1000000,singlepass_eif,16,175,138319,0.835,0.814,0,0.522,74216,,98.74550841581038
h60,e_h60_121_td_1000by40.bin,8,1000000,singlepass_eif,16,200,137812,0.807,0.814,0,0.487,74216,,99.31304233499868
h60,e_h60_121_td_1000by40.bin,8,1000000,singlepass_eif,24,200,138097,0.972,0.814,0,0.753,81256,,99.5541110424669
h60,e_h60_121_td_1000by40.bin,8,1000000,singlepass_eif,24,225,138045,0.963,0.814,0,0.738,81256,,99.6096503117376
h60,e_h60_121_td_1000by40.bin,8,1000000,singlepass_eif,24,250,137945,0.952,0.814,0,0.718,81256,,99.71683848797251
h60,e_h60_121_td_1000by40.bin,8,1000000,singlepass_eif,32,250,138123,0.993,0.814,0,0.785,88296,,99.90844407240766
h60,e_h60_121_td_1000by40.bin,8,1000000,singlepass_eif,32,275,137938,0.992,0.814,0,0.779,88296,,99.91339264624833
h60,e_h60_121_td_1000by40.bin,8,1000000,singlepass_eif,32,300,137750,0.989,0.814,0,0.778,88296,,99.9497141647258
h60,e_h60_121_td_1000by40.bin,12,1000000,eif_baseline,0,0,126353,,0.845,0,0.144,88084,,
h60,e_h60_121_td_1000by40.bin,12,1000000,singlepass_eif,4,25,126188,0.771,0.845,0,0.192,98024,,33.919588486705244
h60,e_h60_121_td_1000by40.bin,12,1000000,singlepass_eif,4,50,126195,0.549,0.845,0,0.286,98024,,87.49537355258288
h60,e_h60_121_td_1000by40.bin,12,1000000,singlepass_eif,4,75,125708,0.418,0.845,0,0.239,98024,,97.68825661719444
h60,e_h60_121_td_1000by40.bin,12,1000000,singlepass_eif,8,75,126142,0.735,0.845,0,0.295,101544,,73.46370935686461
h60,e_h60_121_td_1000by40.bin,12,1000000,singlepass_eif,8,100,126451,0.63,0.845,0,0.313,101544,,93.71186595027775
h60,e_h60_121_td_1000by40.bin,12,1000000,singlepass_eif,8,125,126252,0.554,0.845,0,0.277,101544,,99.06292534813109
h60,e_h60_121_td_1000by40.bin,12,1000000,singlepass_eif,16,150,125435,0.882,0.845,0,0.608,74216,,96.8470696876752
h60,e_h60_121_td_1000by40.bin,12,1000000,singlepass_eif,16,175,126346,0.853,0.845,0,0.588,74216,,98.78849407783417
h60,e_h60_121_td_1000by40.bin,12,1000000,singlepass_eif,16,200,126103,0.825,0.845,0,0.556,74216,,99.39708060080389
h60,e_h60_121_td_1000by40.bin,12,1000000,singlepass_eif,24,200,126287,0.975,0.845,0,0.793,81256,,99.60285941223194
h60,e_h60_121_td_1000by40.bin,12,1000000,singlepass_eif,24,225,126536,0.968,0.845,0,0.78,81256,,99.7558751727992
h60,e_h60_121_td_1000by40.bin,12,1000000,singlepass_eif,24,250,126290,0.959,0.845,0,0.765,81256,,99.78454080258551
h60,e_h60_121_td_1000by40.bin,12,1000000,singlepass_eif,32,250,126179,0.993,0.845,0,0.819,88296,,99.94518967258041
h60,e_h60_121_td_1000by40.bin,12,1000000,singlepass_eif,32,275,126347,0.992,0.845,0,0.814,88296,,99.93092730098428
h60,e_h60_121_td_1000by40.bin,12,1000000,singlepass_eif,32,300,126068,0.99,0.845,0,0.824,88296,,99.9418976236128
h60,e_h60_121_td_1000by40.bin,16,1000000,eif_baseline,0,0,110219,,0.908,0,0.159,88084,,
h60,e_h60_121_td_1000by40.bin,16,1000000,singlepass_eif,4,25,110598,0.774,0.908,0,0.208,98024,,32.02780603594439
h60,e_h60_121_td_1000by40.bin,16,1000000,singlepass_eif,4,50,110571,0.549,0.908,0,0.31,98024,,85.79128168680407
h60,e_h60_121_td_1000by40.bin,16,1000000,singlepass_eif,4,75,120771,0.44,0.908,0,0.242,98024,,97.88732394366197
h60,e_h60_121_td_1000by40.bin,16,1000000,singlepass_eif,8,75,121134,0.763,0.908,0,0.393,67176,,75.16150766913717
h60,e_h60_121_td_1000by40.bin,16,1000000,singlepass_eif,8,100,121160,0.658,0.908,0,0.396,67176,,94.6998576218252
h60,e_h60_121_td_1000by40.bin,16,1000000,singlepass_eif,8,125,121267,0.579,0.908,0,0.344,67176,,99.23387731542215
h60,e_h60_121_td_1000by40.bin,16,1000000,singlepass_eif,16,150,121141,0.903,0.908,0,0.61,74216,,96.51567944250871
h60,e_h60_121_td_1000by40.bin,16,1000000,singlepass_eif,16,175,121156,0.876,0.908,0,0.593,74216,,98.39354660783232
h60,e_h60_121_td_1000by40.bin,16,1000000,singlepass_eif,16,200,123674,0.841,0.908,0,0.549,74216,,99.34340581756565
h60,e_h60_121_td_1000by40.bin,16,1000000,singlepass_eif,24,200,120637,0.982,0.908,0,0.798,81256,,99.77877465740798
h60,e_h60_121_td_1000by40.bin,16,1000000,singlepass_eif,24,225,120694,0.975,0.908,0,0.783,81256,,99.81812670506214
h60,e_h60_121_td_1000by40.bin,16,1000000,singlepass_eif,24,250,110593,0.964,0.908,0,0.846,81256,,99.75058141494489
h60,e_h60_121_td_1000by40.bin,16,1000000,singlepass_eif,32,250,121177,0.995,0.908,0,0.812,88296,,99.96103234315518
h60,e_h60_121_td_1000by40.bin,16,1000000,singlepass_eif,32,275,123139,0.993,0.908,0,0.803,88296,,99.94702298613768
h60,e_h60_121_td_1000by40.bin,16,1000000,singlepass_eif,32,300,120782,0.993,0.908,0,0.81,88296,,99.94564068492737
ethylene_oxide,BQ_v_c2h4o_ethylene_oxide_240_d100_t1M_T15M.xz,4,1000000,eif_baseline,0,0,143775,,0.846,0,0.159,141800,,
ethylene_oxide,BQ_v_c2h4o_ethylene_oxide_240_d100_t1M_T15M.xz,4,1000000,singlepass_eif,4,25,143770,0.927,0.846,0,0.474,151740,,83.51635054602656
ethylene_oxide,BQ_v_c2h4o_ethylene_oxide_240_d100_t1M_T15M.xz,4,1000000,singlepass_eif,4,50,143770,0.861,0.846,0,0.493,151740,,90.85237089652524
ethylene_oxide,BQ_v_c2h4o_ethylene_oxide_240_d100_t1M_T15M.xz,4,1000000,singlepass_eif,4,75,143775,0.837,0.846,0,0.496,151740,,94.02623744561129
ethylene_oxide,BQ_v_c2h4o_ethylene_oxide_240_d100_t1M_T15M.xz,4,1000000,singlepass_eif,8,75,143769,0.993,0.846,0,0.812,155260,,99.26585664285918
ethylene_oxide,BQ_v_c2h4o_ethylene_oxide_240_d100_t1M_T15M.xz,4,1000000,singlepass_eif,8,100,143768,0.992,0.846,0,0.816,155260,,99.51057109523946
ethylene_oxide,BQ_v_c2h4o_ethylene_oxide_240_d100_t1M_T15M.xz,4,1000000,singlepass_eif,8,125,143770,0.99,0.846,0,0.813,155260,,99.35109289617486
ethylene_oxide,BQ_v_c2h4o_ethylene_oxide_240_d100_t1M_T15M.xz,4,1000000,singlepass_eif,16,150,143770,0.998,0.846,0,0.823,136380,,99.93742355718634
ethylene_oxide,BQ_v_c2h4o_ethylene_oxide_240_d100_t1M_T15M.xz,4,1000000,singlepass_eif,16,175,143770,0.998,0.846,0,0.823,136380,,99.92317541613316
ethylene_oxide,BQ_v_c2h4o_ethylene_oxide_240_d100_t1M_T15M.xz,4,1000000,singlepass_eif,16,200,143770,0.997,0.846,0,0.821,136380,,99.90323315118397
ethylene_oxide,BQ_v_c2h4o_ethylene_oxide_240_d100_t1M_T15M.xz,4,1000000,singlepass_eif,24,200,143770,1.0,0.846,0,0.824,143420,,100.0
ethylene_oxide,BQ_v_c2h4o_ethylene_oxide_240_d100_t1M_T15M.xz,4,1000000,singlepass_eif,24,225,143771,1.0,0.846,0,0.822,143420,,99.96875
ethylene_oxide,BQ_v_c2h4o_ethylene_oxide_240_d100_t1M_T15M.xz,4,1000000,singlepass_eif,24,250,143769,1.0,0.846,0,0.822,143420,,99.9715909090909
ethylene_oxide,BQ_v_c2h4o_ethylene_oxide_240_d100_t1M_T15M.xz,4,1000000,singlepass_eif,32,250,143770,1.0,0.846,0,0.823,150460,,100.0
ethylene_oxide,BQ_v_c2h4o_ethylene_oxide_240_d100_t1M_T15M.xz,4,1000000,singlepass_eif,32,275,143770,1.0,0.846,0,0.824,150460,,100.0
ethylene_oxide,BQ_v_c2h4o_ethylene_oxide_240_d100_t1M_T15M.xz,4,1000000,singlepass_eif,32,300,143770,1.0,0.846,0,0.823,150460,,99.99431898878001
ethylene_oxide,BQ_v_c2h4o_ethylene_oxide_240_d100_t1M_T15M.xz,8,1000000,eif_baseline,0,0,126182,,0.848,0,0.161,141800,,
ethylene_oxide,BQ_v_c2h4o_ethylene_oxide_240_d100_t1M_T15M.xz,8,1000000,singlepass_eif,4,25,126091,0.958,0.848,0,0.562,151740,,89.18335992436329
ethylene_oxide,BQ_v_c2h4o_ethylene_oxide_240_d100_t1M_T15M.xz,8,1000000,singlepass_eif,4,50,126097,0.929,0.848,0,0.545,151740,,93.6123896006966
ethylene_oxide,BQ_v_c2h4o_ethylene_oxide_240_d100_t1M_T15M.xz,8,1000000,singlepass_eif,4,75,126123,0.914,0.848,0,0.56,151740,,96.39432900568985
ethylene_oxide,BQ_v_c2h4o_ethylene_oxide_240_d100_t1M_T15M.xz,8,1000000,singlepass_eif,8,75,126115,0.998,0.848,0,0.816,129340,,99.54310855402318
ethylene_oxide,BQ_v_c2h4o_ethylene_oxide_240_d100_t1M_T15M.xz,8,1000000,singlepass_eif,8,100,126069,0.997,0.848,0,0.817,129340,,99.54606969662795
ethylene_oxide,BQ_v_c2h4o_ethylene_oxide_240_d100_t1M_T15M.xz,8,1000000,singlepass_eif,8,125,126114,0.996,0.848,0,0.818,129340,,99.6502608940911
ethylene_oxide,BQ_v_c2h4o_ethylene_oxide_240_d100_t1M_T15M.xz,8,1000000,singlepass_eif,16,150,126178,0.999,0.848,0,0.825,136380,,99.99718761425316
ethylene_oxide,BQ_v_c2h4o_ethylene_oxide_240_d100_t1M_T15M.xz,8,1000000,singlepass_eif,16,175,126154,0.999,0.848,0,0.823,136380,,99.9634317862166
ethylene_oxide,BQ_v_c2h4o_ethylene_oxide_240_d100_t1M_T15M.xz,8,1000000,singlepass_eif,16,200,126183,0.999,0.848,0,0.823,136380,,99.9718666479111
ethylene_oxide,BQ_v_c2h4o_ethylene_oxide_240_d100_t1M_T15M.xz,8,1000000,singlepass_eif,24,200,126121,0.999,0.848,0,0.823,143420,,99.98028946331024
ethylene_oxide,BQ_v_c2h4o_ethylene_oxide_240_d100_t1M_T15M.xz,8,1000000,singlepass_eif,24,225,126094,0.999,0.848,0,0.824,143420,,99.99436841808864
ethylene_oxide,BQ_v_c2h4o_ethylene_oxide_240_d100_t1M_T15M.xz,8,1000000,singlepass_eif,24,250,126195,0.999,0.848,0,0.824,143420,,99.9887618351923
ethylene_oxide,BQ_v_c2h4o_ethylene_oxide_240_d100_t1M_T15M.xz,8,1000000,singlepass_eif,32,250,126114,0.999,0.848,0,0.824,150460,,100.0
ethylene_oxide,BQ_v_c2h4o_ethylene_oxide_240_d100_t1M_T15M.xz,8,1000000,singlepass_eif,32,275,126103,0.999,0.848,0,0.823,150460,,99.99718579388754
ethylene_oxide,BQ_v_c2h4o_ethylene_oxide_240_d100_t1M_T15M.xz,8,1000000,singlepass_eif,32,300,126103,0.999,0.848,0,0.823,150460,,99.99155714406326
ethylene_oxide,BQ_v_c2h4o_ethylene_oxide_240_d100_t1M_T15M.xz,12,1000000,eif_baseline,0,0,133451,,0.858,0,0.166,141800,,
ethylene_oxide,BQ_v_c2h4o_ethylene_oxide_240_d100_t1M_T15M.xz,12,1000000,singlepass_eif,4,25,117048,0.968,0.858,0,0.763,125820,,94.0202977474451
ethylene_oxide,BQ_v_c2h4o_ethylene_oxide_240_d100_t1M_T15M.xz,12,1000000,singlepass_eif,4,50,133337,0.909,0.858,0,0.603,125820,,94.08976683525782
ethylene_oxide,BQ_v_c2h4o_ethylene_oxide_240_d100_t1M_T15M.xz,12,1000000,singlepass_eif,4,75,133673,0.885,0.858,0,0.606,125820,,96.27806928918294
ethylene_oxide,BQ_v_c2h4o_ethylene_oxide_240_d100_t1M_T15M.xz,12,1000000,singlepass_eif,8,75,134084,0.997,0.858,0,0.831,129340,,99.63916920910584
ethylene_oxide,BQ_v_c2h4o_ethylene_oxide_240_d100_t1M_T15M.xz,12,1000000,singlepass_eif,8,100,133658,0.996,0.858,0,0.832,129340,,99.57846952010377
ethylene_oxide,BQ_v_c2h4o_ethylene_oxide_240_d100_t1M_T15M.xz,12,1000000,singlepass_eif,8,125,133651,0.995,0.858,0,0.833,129340,,99.74333254661317
ethylene_oxide,BQ_v_c2h4o_ethylene_oxide_240_d100_t1M_T15M.xz,12,1000000,singlepass_eif,16,150,133809,0.999,0.858,0,0.836,136380,,99.98824566558919
ethylene_oxide,BQ_v_c2h4o_ethylene_oxide_240_d100_t1M_T15M.xz,12,1000000,singlepass_eif,16,175,133467,0.999,0.858,0,0.834,136380,,99.94502632949482
ethylene_oxide,BQ_v_c2h4o_ethylene_oxide_240_d100_t1M_T15M.xz,12,1000000,singlepass_eif,16,200,133427,0.999,0.858,0,0.836,136380,,99.99132095122374
ethylene_oxide,BQ_v_c2h4o_ethylene_oxide_240_d100_t1M_T15M.xz,12,1000000,singlepass_eif,24,200,117318,0.999,0.858,0,0.867,143420,,99.99658703071673
ethylene_oxide,BQ_v_c2h4o_ethylene_oxide_240_d100_t1M_T15M.xz,12,1000000,singlepass_eif,24,225,133812,0.999,0.858,0,0.834,143420,,99.99121059416383
ethylene_oxide,BQ_v_c2h4o_ethylene_oxide_240_d100_t1M_T15M.xz,12,1000000,singlepass_eif,24,250,133353,0.999,0.858,0,0.835,143420,,99.9942144696115
ethylene_oxide,BQ_v_c2h4o_ethylene_oxide_240_d100_t1M_T15M.xz,12,1000000,singlepass_eif,32,250,133414,0.999,0.858,0,0.834,150460,,99.99710924175412
ethylene_oxide,BQ_v_c2h4o_ethylene_oxide_240_d100_t1M_T15M.xz,12,1000000,singlepass_eif,32,275,133461,0.999,0.858,0,0.834,150460,,99.99710924175412
ethylene_oxide,BQ_v_c2h4o_ethylene_oxide_240_d100_t1M_T15M.xz,12,1000000,singlepass_eif,32,300,117088,0.999,0.858,0,0.867,150460,,99.98961074941127
ethylene_oxide,BQ_v_c2h4o_ethylene_oxide_240_d100_t1M_T15M.xz,16,1000000,eif_baseline,0,0,121099,,0.883,0,0.193,115880,,
ethylene_oxide,BQ_v_c2h4o_ethylene_oxide_240_d100_t1M_T15M.xz,16,1000000,singlepass_eif,4,25,124399,0.961,0.883,0,0.635,125820,,91.12457784931982
ethylene_oxide,BQ_v_c2h4o_ethylene_oxide_240_d100_t1M_T15M.xz,16,1000000,singlepass_eif,4,50,116807,0.95,0.883,0,0.797,125820,,94.75441822070466
ethylene_oxide,BQ_v_c2h4o_ethylene_oxide_240_d100_t1M_T15M.xz,16,1000000,singlepass_eif,4,75,124389,0.917,0.883,0,0.625,125820,,97.0979079497908
ethylene_oxide,BQ_v_c2h4o_ethylene_oxide_240_d100_t1M_T15M.xz,16,1000000,singlepass_eif,8,75,97424,0.997,0.883,0,0.971,129340,,99.75992406900787
ethylene_oxide,BQ_v_c2h4o_ethylene_oxide_240_d100_t1M_T15M.xz,16,1000000,singlepass_eif,8,100,124371,0.997,0.883,0,0.838,129340,,99.62117740506523
ethylene_oxide,BQ_v_c2h4o_ethylene_oxide_240_d100_t1M_T15M.xz,16,1000000,singlepass_eif,8,125,116819,0.997,0.883,0,0.884,129340,,99.79054898214154
ethylene_oxide,BQ_v_c2h4o_ethylene_oxide_240_d100_t1M_T15M.xz,16,1000000,singlepass_eif,16,150,124360,0.999,0.883,0,0.843,136380,,99.9450867933738
ethylene_oxide,BQ_v_c2h4o_ethylene_oxide_240_d100_t1M_T15M.xz,16,1000000,singlepass_eif,16,175,124399,0.999,0.883,0,0.842,136380,,99.92676898666585
ethylene_oxide,BQ_v_c2h4o_ethylene_oxide_240_d100_t1M_T15M.xz,16,1000000,singlepass_eif,16,200,111994,0.998,0.883,0,0.887,136380,,99.9184814254105
ethylene_oxide,BQ_v_c2h4o_ethylene_oxide_240_d100_t1M_T15M.xz,16,1000000,singlepass_eif,24,200,124399,0.999,0.883,0,0.843,143420,,99.98474958823888
ethylene_oxide,BQ_v_c2h4o_ethylene_oxide_240_d100_t1M_T15M.xz,16,1000000,singlepass_eif,24,225,124400,0.999,0.883,0,0.843,143420,,99.98169950588665
ethylene_oxide,BQ_v_c2h4o_ethylene_oxide_240_d100_t1M_T15M.xz,16,1000000,singlepass_eif,24,250,124280,0.999,0.883,0,0.843,143420,,99.95124478166804
ethylene_oxide,BQ_v_c2h4o_ethylene_oxide_240_d100_t1M_T15M.xz,16,1000000,singlepass_eif,32,250,124384,0.999,0.883,0,0.842,122664,,99.990856167515
ethylene_oxide,BQ_v_c2h4o_ethylene_oxide_240_d100_t1M_T15M.xz,16,1000000,singlepass_eif,32,275,124401,0.999,0.883,0,0.842,122664,,99.99390411167667
ethylene_oxide,BQ_v_c2h4o_ethylene_oxide_240_d100_t1M_T15M.xz,16,1000000,singlepass_eif,32,300,122785,0.999,0.883,0,0.85,122664,,99.98448698458006
hc3h2cn,BQ_v_hc3h2cn_288_d100_t1M_T63M.xz,4,1000000,eif_baseline,0,0,144874,,0.844,0,0.165,141800,,
hc3h2cn,BQ_v_hc3h2cn_288_d100_t1M_T63M.xz,4,1000000,singlepass_eif,4,25,144873,0.909,0.844,0,0.455,151740,,82.27339828757012
hc3h2cn,BQ_v_hc3h2cn_288_d100_t1M_T63M.xz,4,1000000,singlepass_eif,4,50,144873,0.832,0.844,0,0.481,151740,,90.6044266098188
hc3h2cn,BQ_v_hc3h2cn_288_d100_t1M_T63M.xz,4,1000000,singlepass_eif,4,75,144875,0.796,0.844,0,0.477,151740,,94.20500403551252
hc3h2cn,BQ_v_hc3h2cn_288_d100_t1M_T63M.xz,4,1000000,singlepass_eif,8,75,144873,0.976,0.844,0,0.728,155260,,97.44639645870798
hc3h2cn,BQ_v_hc3h2cn_288_d100_t1M_T63M.xz,4,1000000,singlepass_eif,8,100,144875,0.969,0.844,0,0.724,155260,,97.67744435832134
hc3h2cn,BQ_v_hc3h2cn_288_d100_t1M_T63M.xz,4,1000000,singlepass_eif,8,125,144872,0.961,0.844,0,0.743,155260,,98.2445971681709
hc3h2cn,BQ_v_hc3h2cn_288_d100_t1M_T63M.xz,4,1000000,singlepass_eif,16,150,144873,0.988,0.844,0,0.738,162300,,98.05951197968422
hc3h2cn,BQ_v_hc3h2cn_288_d100_t1M_T63M.xz,4,1000000,singlepass_eif,16,175,144873,0.986,0.844,0,0.741,162300,,98.09460690912104
hc3h2cn,BQ_v_hc3h2cn_288_d100_t1M_T63M.xz,4,1000000,singlepass_eif,16,200,144875,0.984,0.844,0,0.736,162300,,98.0929513716399
hc3h2cn,BQ_v_hc3h2cn_288_d100_t1M_T63M.xz,4,1000000,singlepass_eif,24,200,144873,0.995,0.844,0,0.751,169340,,98.38980484985274
hc3h2cn,BQ_v_hc3h2cn_288_d100_t1M_T63M.xz,4,1000000,singlepass_eif,24,225,144872,0.993,0.844,0,0.742,169340,,98.3106432232817
hc3h2cn,BQ_v_hc3h2cn_288_d100_t1M_T63M.xz,4,1000000,singlepass_eif,24,250,144874,0.993,0.844,0,0.751,169340,,98.36950534317506
hc3h2cn,BQ_v_hc3h2cn_288_d100_t1M_T63M.xz,4,1000000,singlepass_eif,32,250,144875,0.996,0.844,0,0.757,176380,,98.62366418504986
hc3h2cn,BQ_v_hc3h2cn_288_d100_t1M_T63M.xz,4,1000000,singlepass_eif,32,275,144870,0.995,0.844,0,0.756,176380,,98.56040001098931
hc3h2cn,BQ_v_hc3h2cn_288_d100_t1M_T63M.xz,4,1000000,singlepass_eif,32,300,144872,0.994,0.844,0,0.761,176380,,98.64252150256932
hc3h2cn,BQ_v_hc3h2cn_288_d100_t1M_T63M.xz,8,1000000,eif_baseline,0,0,126608,,0.851,0,0.169,141800,,
hc3h2cn,BQ_v_hc3h2cn_288_d100_t1M_T63M.xz,8,1000000,singlepass_eif,4,25,125104,0.937,0.851,0,0.512,151740,,85.49421166175443
hc3h2cn,BQ_v_hc3h2cn_288_d100_t1M_T63M.xz,8,1000000,singlepass_eif,4,50,112652,0.927,0.851,0,0.665,151740,,92.49039965865452
hc3h2cn,BQ_v_hc3h2cn_288_d100_t1M_T63M.xz,8,1000000,singlepass_eif,4,75,112606,0.906,0.851,0,0.663,151740,,94.51232738052201
hc3h2cn,BQ_v_hc3h2cn_288_d100_t1M_T63M.xz,8,1000000,singlepass_eif,8,75,112703,0.993,0.851,0,0.761,155260,,96.40819633392972
hc3h2cn,BQ_v_hc3h2cn_288_d100_t1M_T63M.xz,8,1000000,singlepass_eif,8,100,112686,0.99,0.851,0,0.761,155260,,96.51689189189189
hc3h2cn,BQ_v_hc3h2cn_288_d100_t1M_T63M.xz,8,1000000,singlepass_eif,8,125,112837,0.987,0.851,0,0.772,155260,,97.07192870782941
hc3h2cn,BQ_v_hc3h2cn_288_d100_t1M_T63M.xz,8,1000000,singlepass_eif,16,150,112704,0.998,0.851,0,0.771,162300,,96.94063004846527
hc3h2cn,BQ_v_hc3h2cn_288_d100_t1M_T63M.xz,8,1000000,singlepass_eif,16,175,112633,0.997,0.851,0,0.769,162300,,96.89455622098109
hc3h2cn,BQ_v_hc3h2cn_288_d100_t1M_T63M.xz,8,1000000,singlepass_eif,16,200,112103,0.997,0.851,0,0.772,162300,,97.02002276836537
hc3h2cn,BQ_v_hc3h2cn_288_d100_t1M_T63M.xz,8,1000000,singlepass_eif,24,200,126614,0.998,0.851,0,0.758,169340,,98.16038929987904
hc3h2cn,BQ_v_hc3h2cn_288_d100_t1M_T63M.xz,8,1000000,singlepass_eif,24,225,112599,0.998,0.851,0,0.78,169340,,97.36223907644808
hc3h2cn,BQ_v_hc3h2cn_288_d100_t1M_T63M.xz,8,1000000,singlepass_eif,24,250,112638,0.998,0.851,0,0.783,169340,,97.48020399946316
hc3h2cn,BQ_v_hc3h2cn_288_d100_t1M_T63M.xz,8,1000000,singlepass_eif,32,250,125469,0.998,0.851,0,0.77,176380,,98.35310180049493
hc3h2cn,BQ_v_hc3h2cn_288_d100_t1M_T63M.xz,8,1000000,singlepass_eif,32,275,112658,0.998,0.851,0,0.801,176380,,98.08406058782225
hc3h2cn,BQ_v_hc3h2cn_288_d100_t1M_T63M.xz,8,1000000,singlepass_eif,32,300,112628,0.998,0.851,0,0.803,176380,,98.13368055555556
hc3h2cn,BQ_v_hc3h2cn_288_d100_t1M_T63M.xz,12,1000000,eif_baseline,0,0,129685,,0.854,0,0.17,141800,,
hc3h2cn,BQ_v_hc3h2cn_288_d100_t1M_T63M.xz,12,1000000,singlepass_eif,4,25,129685,0.932,0.854,0,0.532,151740,,86.89850019536533
hc3h2cn,BQ_v_hc3h2cn_288_d100_t1M_T63M.xz,12,1000000,singlepass_eif,4,50,129886,0.887,0.854,0,0.538,151740,,92.6072377578135
hc3h2cn,BQ_v_hc3h2cn_288_d100_t1M_T63M.xz,12,1000000,singlepass_eif,4,75,129687,0.851,0.854,0,0.527,151740,,95.33998592720528
hc3h2cn,BQ_v_hc3h2cn_288_d100_t1M_T63M.xz,12,1000000,singlepass_eif,8,75,128754,0.992,0.854,0,0.748,155260,,97.65424073707713
hc3h2cn,BQ_v_hc3h2cn_288_d100_t1M_T63M.xz,12,1000000,singlepass_eif,8,100,128817,0.99,0.854,0,0.743,155260,,97.60935910478128
hc3h2cn,BQ_v_hc3h2cn_288_d100_t1M_T63M.xz,12,1000000,singlepass_eif,8,125,129650,0.985,0.854,0,0.749,155260,,97.82633147741971
hc3h2cn,BQ_v_hc3h2cn_288_d100_t1M_T63M.xz,12,1000000,singlepass_eif,16,150,128666,0.997,0.854,0,0.749,162300,,97.80306444344299
hc3h2cn,BQ_v_hc3h2cn_288_d100_t1M_T63M.xz,12,1000000,singlepass_eif,16,175,129700,0.996,0.854,0,0.749,162300,,97.8317778283633
hc3h2cn,BQ_v_hc3h2cn_288_d100_t1M_T63M.xz,12,1000000,singlepass_eif,16,200,128317,0.996,0.854,0,0.747,162300,,97.8586420103239
hc3h2cn,BQ_v_hc3h2cn_288_d100_t1M_T63M.xz,12,1000000,singlepass_eif,24,200,128678,0.997,0.854,0,0.765,169340,,98.32533871917866
hc3h2cn,BQ_v_hc3h2cn_288_d100_t1M_T63M.xz,12,1000000,singlepass_eif,24,225,127528,0.997,0.854,0,0.771,169340,,98.34189829931007
hc3h2cn,BQ_v_hc3h2cn_288_d100_t1M_T63M.xz,12,1000000,singlepass_eif,24,250,129705,0.997,0.854,0,0.764,169340,,98.25350695802828
hc3h2cn,BQ_v_hc3h2cn_288_d100_t1M_T63M.xz,12,1000000,singlepass_eif,32,250,129829,0.998,0.854,0,0.784,176380,,98.7275157320265
hc3h2cn,BQ_v_hc3h2cn_288_d100_t1M_T63M.xz,12,1000000,singlepass_eif,32,275,129758,0.998,0.854,0,0.768,176380,,98.46295469761213
hc3h2cn,BQ_v_hc3h2cn_288_d100_t1M_T63M.xz,12,1000000,singlepass_eif,32,300,129790,0.998,0.854,0,0.782,176380,,98.66852367688023
hc3h2cn,BQ_v_hc3h2cn_288_d100_t1M_T63M.xz,16,1000000,eif_baseline,0,0,122189,,0.862,0,0.172,141800,,
hc3h2cn,BQ_v_hc3h2cn_288_d100_t1M_T63M.xz,16,1000000,singlepass_eif,4,25,96804,0.957,0.862,0,0.707,151740,,92.99039887596597
hc3h2cn,BQ_v_hc3h2cn_288_d100_t1M_T63M.xz,16,1000000,singlepass_eif,4,50,123998,0.9,0.862,0,0.573,151740,,92.83118268813978
hc3h2cn,BQ_v_hc3h2cn_288_d100_t1M_T63M.xz,16,1000000,singlepass_eif,4,75,124190,0.877,0.862,0,0.574,151740,,95.08014547413794
hc3h2cn,BQ_v_hc3h2cn_288_d100_t1M_T63M.xz,16,1000000,singlepass_eif,8,75,123953,0.993,0.862,0,0.754,155260,,97.33551832969167
hc3h2cn,BQ_v_hc3h2cn_288_d100_t1M_T63M.xz,16,1000000,singlepass_eif,8,100,124133,0.991,0.862,0,0.757,155260,,97.47325152632533
hc3h2cn,BQ_v_hc3h2cn_288_d100_t1M_T63M.xz,16,1000000,singlepass_eif,8,125,124139,0.988,0.862,0,0.765,155260,,97.97558617355571
hc3h2cn,BQ_v_hc3h2cn_288_d100_t1M_T63M.xz,16,1000000,singlepass_eif,16,150,122140,0.997,0.862,0,0.776,162300,,97.87564927996019
hc3h2cn,BQ_v_hc3h2cn_288_d100_t1M_T63M.xz,16,1000000,singlepass_eif,16,175,96784,0.996,0.862,0,0.817,162300,,97.81608765565984
hc3h2cn,BQ_v_hc3h2cn_288_d100_t1M_T63M.xz,16,1000000,singlepass_eif,16,200,124097,0.996,0.862,0,0.762,162300,,97.73302023121387
hc3h2cn,BQ_v_hc3h2cn_288_d100_t1M_T63M.xz,16,1000000,singlepass_eif,24,200,121801,0.997,0.862,0,0.786,169340,,98.0006861919466
hc3h2cn,BQ_v_hc3h2cn_288_d100_t1M_T63M.xz,16,1000000,singlepass_eif,24,225,124026,0.998,0.862,0,0.777,169340,,98.14546770399855
hc3h2cn,BQ_v_hc3h2cn_288_d100_t1M_T63M.xz,16,1000000,singlepass_eif,24,250,109042,0.998,0.862,0,0.789,169340,,97.82103235235502
hc3h2cn,BQ_v_hc3h2cn_288_d100_t1M_T63M.xz,16,1000000,singlepass_eif,32,250,122227,0.998,0.862,0,0.785,176380,,98.33950543543185
hc3h2cn,BQ_v_hc3h2cn_288_d100_t1M_T63M.xz,16,1000000,singlepass_eif,32,275,124033,0.998,0.862,0,0.791,176380,,98.51773902585688
hc3h2cn,BQ_v_hc3h2cn_288_d100_t1M_T63M.xz,16,1000000,singlepass_eif,32,300,124028,0.998,0.862,0,0.789,176380,,98.51297764960346
shor_rsa24,shor_modmult_N16777259_a3_pow0.bin,4,1000000,eif_baseline,0,0,60382,,0.933,0,0.26,88084,,
shor_rsa24,shor_modmult_N16777259_a3_pow0.bin,4,1000000,singlepass_eif,4,25,60360,0.952,0.933,0,0.519,98024,,78.94516283524904
shor_rsa24,shor_modmult_N16777259_a3_pow0.bin,4,1000000,singlepass_eif,4,50,60366,0.86,0.933,0,0.649,98024,,98.18435754189944
shor_rsa24,shor_modmult_N16777259_a3_pow0.bin,4,1000000,singlepass_eif,4,75,60294,0.807,0.933,0,0.607,98024,,99.73779321097017
shor_rsa24,shor_modmult_N16777259_a3_pow0.bin,4,1000000,singlepass_eif,8,75,60385,0.916,0.933,0,0.686,101544,,91.10419906687403
shor_rsa24,shor_modmult_N16777259_a3_pow0.bin,4,1000000,singlepass_eif,8,100,60389,0.87,0.933,0,0.719,101544,,99.10731867410568
shor_rsa24,shor_modmult_N16777259_a3_pow0.bin,4,1000000,singlepass_eif,8,125,60388,0.834,0.933,0,0.667,101544,,99.45167923235093
shor_rsa24,shor_modmult_N16777259_a3_pow0.bin,4,1000000,singlepass_eif,16,150,60386,0.936,0.933,0,0.696,74216,,90.07605719501065
shor_rsa24,shor_modmult_N16777259_a3_pow0.bin,4,1000000,singlepass_eif,16,175,60385,0.901,0.933,0,0.766,74216,,98.51058435796679
shor_rsa24,shor_modmult_N16777259_a3_pow0.bin,4,1000000,singlepass_eif,16,200,60395,0.879,0.933,0,0.765,74216,,99.96752614145613
shor_rsa24,shor_modmult_N16777259_a3_pow0.bin,4,1000000,singlepass_eif,24,200,60394,0.95,0.933,0,0.712,81256,,90.89765854242769
shor_rsa24,shor_modmult_N16777259_a3_pow0.bin,4,1000000,singlepass_eif,24,225,60381,0.942,0.933,0,0.748,81256,,94.33061347839227
shor_rsa24,shor_modmult_N16777259_a3_pow0.bin,4,1000000,singlepass_eif,24,250,60384,0.923,0.933,0,0.792,81256,,99.13633559531154
shor_rsa24,shor_modmult_N16777259_a3_pow0.bin,4,1000000,singlepass_eif,32,250,60379,0.962,0.933,0,0.794,88296,,95.82890228051518
shor_rsa24,shor_modmult_N16777259_a3_pow0.bin,4,1000000,singlepass_eif,32,275,60293,0.956,0.933,0,0.82,88296,,97.32318125037177
shor_rsa24,shor_modmult_N16777259_a3_pow0.bin,4,1000000,singlepass_eif,32,300,60279,0.947,0.933,0,0.809,88296,,97.6587825669348
shor_rsa24,shor_modmult_N16777259_a3_pow0.bin,8,1000000,eif_baseline,0,0,51113,,0.945,0,0.294,88084,,
shor_rsa24,shor_modmult_N16777259_a3_pow0.bin,8,1000000,singlepass_eif,4,25,51315,0.931,0.945,0,0.613,98024,,83.37354683044528
shor_rsa24,shor_modmult_N16777259_a3_pow0.bin,8,1000000,singlepass_eif,4,50,50761,0.849,0.945,0,0.673,98024,,98.10986889728947
shor_rsa24,shor_modmult_N16777259_a3_pow0.bin,8,1000000,singlepass_eif,4,75,51537,0.796,0.945,0,0.621,98024,,99.8079011108327
shor_rsa24,shor_modmult_N16777259_a3_pow0.bin,8,1000000,singlepass_eif,8,75,50828,0.897,0.945,0,0.742,67176,,90.78997486097357
shor_rsa24,shor_modmult_N16777259_a3_pow0.bin,8,1000000,singlepass_eif,8,100,50851,0.866,0.945,0,0.756,67176,,96.23846699787083
shor_rsa24,shor_modmult_N16777259_a3_pow0.bin,8,1000000,singlepass_eif,8,125,51086,0.826,0.945,0,0.733,67176,,99.7971602434077
shor_rsa24,shor_modmult_N16777259_a3_pow0.bin,8,1000000,singlepass_eif,16,150,51031,0.914,0.945,0,0.75,74216,,91.52011922503726
shor_rsa24,shor_modmult_N16777259_a3_pow0.bin,8,1000000,singlepass_eif,16,175,52334,0.894,0.945,0,0.799,74216,,99.04676794757223
shor_rsa24,shor_modmult_N16777259_a3_pow0.bin,8,1000000,singlepass_eif,16,200,51042,0.875,0.945,0,0.791,74216,,99.69578783151326
shor_rsa24,shor_modmult_N16777259_a3_pow0.bin,8,1000000,singlepass_eif,24,200,52335,0.943,0.945,0,0.807,81256,,94.79850377584869
shor_rsa24,shor_modmult_N16777259_a3_pow0.bin,8,1000000,singlepass_eif,24,225,50733,0.929,0.945,0,0.813,81256,,96.79073856975381
shor_rsa24,shor_modmult_N16777259_a3_pow0.bin,8,1000000,singlepass_eif,24,250,50801,0.915,0.945,0,0.824,81256,,99.06340593176243
shor_rsa24,shor_modmult_N16777259_a3_pow0.bin,8,1000000,singlepass_eif,32,250,50772,0.954,0.945,0,0.847,88296,,97.59789638263095
shor_rsa24,shor_modmult_N16777259_a3_pow0.bin,8,1000000,singlepass_eif,32,275,51303,0.95,0.945,0,0.841,88296,,97.46853546910755
shor_rsa24,shor_modmult_N16777259_a3_pow0.bin,8,1000000,singlepass_eif,32,300,50738,0.942,0.945,0,0.834,88296,,97.9731679169071
shor_rsa24,shor_modmult_N16777259_a3_pow0.bin,12,1000000,eif_baseline,0,0,46841,,0.952,0,0.315,88084,,
shor_rsa24,shor_modmult_N16777259_a3_pow0.bin,12,1000000,singlepass_eif,4,25,43070,0.928,0.952,0,0.72,63656,,80.47839506172839
shor_rsa24,shor_modmult_N16777259_a3_pow0.bin,12,1000000,singlepass_eif,4,50,45625,0.841,0.952,0,0.771,63656,,96.55965331210754
shor_rsa24,shor_modmult_N16777259_a3_pow0.bin,12,1000000,singlepass_eif,4,75,45180,0.787,0.952,0,0.725,63656,,99.46266968325791
shor_rsa24,shor_modmult_N16777259_a3_pow0.bin,12,1000000,singlepass_eif,8,75,44891,0.899,0.952,0,0.774,67176,,91.42603287427809
shor_rsa24,shor_modmult_N16777259_a3_pow0.bin,12,1000000,singlepass_eif,8,100,44178,0.861,0.952,0,0.791,67176,,95.85530576371542
shor_rsa24,shor_modmult_N16777259_a3_pow0.bin,12,1000000,singlepass_eif,8,125,43108,0.825,0.952,0,0.782,67176,,99.32104752667313
shor_rsa24,shor_modmult_N16777259_a3_pow0.bin,12,1000000,singlepass_eif,16,150,44426,0.908,0.952,0,0.806,74216,,92.75629220380601
shor_rsa24,shor_modmult_N16777259_a3_pow0.bin,12,1000000,singlepass_eif,16,175,43163,0.89,0.952,0,0.811,74216,,95.25596354864648
shor_rsa24,shor_modmult_N16777259_a3_pow0.bin,12,1000000,singlepass_eif,16,200,44617,0.875,0.952,0,0.824,74216,,99.47065802683217
shor_rsa24,shor_modmult_N16777259_a3_pow0.bin,12,1000000,singlepass_eif,24,200,44626,0.945,0.952,0,0.833,81256,,94.4271140713262
shor_rsa24,shor_modmult_N16777259_a3_pow0.bin,12,1000000,singlepass_eif,24,225,49929,0.946,0.952,0,0.84,81256,,96.93002257336343
shor_rsa24,shor_modmult_N16777259_a3_pow0.bin,12,1000000,singlepass_eif,24,250,49174,0.929,0.952,0,0.828,81256,,97.6281269066504
shor_rsa24,shor_modmult_N16777259_a3_pow0.bin,12,1000000,singlepass_eif,32,250,44253,0.96,0.952,0,0.872,88296,,98.1081978094922
shor_rsa24,shor_modmult_N16777259_a3_pow0.bin,12,1000000,singlepass_eif,32,275,46101,0.956,0.952,0,0.876,88296,,98.03861003861005
shor_rsa24,shor_modmult_N16777259_a3_pow0.bin,12,1000000,singlepass_eif,32,300,46391,0.949,0.952,0,0.871,88296,,98.85496183206106
shor_rsa24,shor_modmult_N16777259_a3_pow0.bin,16,1000000,eif_baseline,0,0,37707,,0.964,0,0.443,53716,,
shor_rsa24,shor_modmult_N16777259_a3_pow0.bin,16,1000000,singlepass_eif,4,25,40156,0.91,0.964,0,0.757,63656,,81.37034502981136
shor_rsa24,shor_modmult_N16777259_a3_pow0.bin,16,1000000,singlepass_eif,4,50,37400,0.829,0.964,0,0.773,63656,,94.57994579945799
shor_rsa24,shor_modmult_N16777259_a3_pow0.bin,16,1000000,singlepass_eif,4,75,37576,0.775,0.964,0,0.74,63656,,98.54319736508741
shor_rsa24,shor_modmult_N16777259_a3_pow0.bin,16,1000000,singlepass_eif,8,75,38415,0.891,0.964,0,0.822,67176,,91.58326661329063
shor_rsa24,shor_modmult_N16777259_a3_pow0.bin,16,1000000,singlepass_eif,8,100,37567,0.859,0.964,0,0.81,67176,,94.93527140585964
shor_rsa24,shor_modmult_N16777259_a3_pow0.bin,16,1000000,singlepass_eif,8,125,36981,0.815,0.964,0,0.786,67176,,98.92716652759566
shor_rsa24,shor_modmult_N16777259_a3_pow0.bin,16,1000000,singlepass_eif,16,150,37182,0.904,0.964,0,0.833,74216,,92.6690314952166
shor_rsa24,shor_modmult_N16777259_a3_pow0.bin,16,1000000,singlepass_eif,16,175,36632,0.885,0.964,0,0.833,74216,,95.15428074750109
shor_rsa24,shor_modmult_N16777259_a3_pow0.bin,16,1000000,singlepass_eif,16,200,36240,0.872,0.964,0,0.846,74216,,97.27747527503055
shor_rsa24,shor_modmult_N16777259_a3_pow0.bin,16,1000000,singlepass_eif,24,200,37803,0.944,0.964,0,0.873,81256,,95.29953917050692
shor_rsa24,shor_modmult_N16777259_a3_pow0.bin,16,1000000,singlepass_eif,24,225,36241,0.936,0.964,0,0.875,81256,,95.71310799670239
shor_rsa24,shor_modmult_N16777259_a3_pow0.bin,16,1000000,singlepass_eif,24,250,37415,0.926,0.964,0,0.871,81256,,96.0530437506526
shor_rsa24,shor_modmult_N16777259_a3_pow0.bin,16,1000000,singlepass_eif,32,250,38272,0.964,0.964,0,0.894,88296,,98.79607334691609
shor_rsa24,shor_modmult_N16777259_a3_pow0.bin,16,1000000,singlepass_eif,32,275,39371,0.962,0.964,0,0.891,88296,,98.62594002413888
shor_rsa24,shor_modmult_N16777259_a3_pow0.bin,16,1000000,singlepass_eif,32,300,38340,0.96,0.964,0,0.892,88296,,98.67211440245148
grover_sat,sat_grover_schoning_n784_new.bin,4,1000000,eif_baseline,0,0,107218,,0.893,0,0.165,380132,,
grover_sat,sat_grover_schoning_n784_new.bin,4,1000000,singlepass_eif,4,25,107218,0.96,0.893,0,0.517,362276,,89.56078930617441
grover_sat,sat_grover_schoning_n784_new.bin,4,1000000,singlepass_eif,4,50,107215,0.882,0.893,0,0.496,362276,,97.67263230662877
grover_sat,sat_grover_schoning_n784_new.bin,4,1000000,singlepass_eif,4,75,107218,0.86,0.893,0,0.479,362276,,99.26855165362382
grover_sat,sat_grover_schoning_n784_new.bin,4,1000000,singlepass_eif,8,75,107215,0.999,0.893,0,0.858,365796,,99.9222342439816
grover_sat,sat_grover_schoning_n784_new.bin,4,1000000,singlepass_eif,8,100,107215,0.999,0.893,0,0.859,365796,,99.96277747698971
grover_sat,sat_grover_schoning_n784_new.bin,4,1000000,singlepass_eif,8,125,107218,0.998,0.893,0,0.858,365796,,99.97291991063571
grover_sat,sat_grover_schoning_n784_new.bin,4,1000000,singlepass_eif,16,150,107219,0.999,0.893,0,0.857,372836,,99.9324141659908
grover_sat,sat_grover_schoning_n784_new.bin,4,1000000,singlepass_eif,16,175,107219,0.999,0.893,0,0.858,372836,,99.94590574075326
grover_sat,sat_grover_schoning_n784_new.bin,4,1000000,singlepass_eif,16,200,107212,0.999,0.893,0,0.857,372836,,99.96279510248259
grover_sat,sat_grover_schoning_n784_new.bin,4,1000000,singlepass_eif,24,200,107218,0.999,0.893,0,0.858,379876,,99.87172129764035
grover_sat,sat_grover_schoning_n784_new.bin,4,1000000,singlepass_eif,24,225,107218,0.999,0.893,0,0.857,379876,,99.88856245567825
grover_sat,sat_grover_schoning_n784_new.bin,4,1000000,singlepass_eif,24,250,107216,0.999,0.893,0,0.858,379876,,99.95946356788163
grover_sat,sat_grover_schoning_n784_new.bin,4,1000000,singlepass_eif,32,250,107218,0.999,0.893,0,0.855,386916,,99.91228957932732
grover_sat,sat_grover_schoning_n784_new.bin,4,1000000,singlepass_eif,32,275,107213,0.999,0.893,0,0.857,386916,,99.95611666216581
grover_sat,sat_grover_schoning_n784_new.bin,4,1000000,singlepass_eif,32,300,107218,0.999,0.893,0,0.857,386916,,99.96961717642293
grover_sat,sat_grover_schoning_n784_new.bin,8,1000000,eif_baseline,0,0,55133,,0.974,0,0.258,352336,,
grover_sat,sat_grover_schoning_n784_new.bin,8,1000000,singlepass_eif,4,25,55133,0.986,0.974,0,0.823,362276,,96.170419794273
grover_sat,sat_grover_schoning_n784_new.bin,8,1000000,singlepass_eif,4,50,55108,0.946,0.974,0,0.808,362276,,98.71107892831282
grover_sat,sat_grover_schoning_n784_new.bin,8,1000000,singlepass_eif,4,75,55133,0.93,0.974,0,0.793,362276,,99.61812440331938
grover_sat,sat_grover_schoning_n784_new.bin,8,1000000,singlepass_eif,8,75,40979,0.996,0.974,0,0.976,365796,,99.88039378047658
grover_sat,sat_grover_schoning_n784_new.bin,8,1000000,singlepass_eif,8,100,55108,0.997,0.974,0,0.948,365796,,99.93784101111956
grover_sat,sat_grover_schoning_n784_new.bin,8,1000000,singlepass_eif,8,125,55108,0.997,0.974,0,0.949,365796,,99.92399115533443
grover_sat,sat_grover_schoning_n784_new.bin,8,1000000,singlepass_eif,16,150,55108,0.997,0.974,0,0.948,372836,,99.86207847734639
grover_sat,sat_grover_schoning_n784_new.bin,8,1000000,singlepass_eif,16,175,58636,0.997,0.974,0,0.94,372836,,99.89157471777537
grover_sat,sat_grover_schoning_n784_new.bin,8,1000000,singlepass_eif,16,200,55108,0.997,0.974,0,0.948,372836,,99.92406461411018
grover_sat,sat_grover_schoning_n784_new.bin,8,1000000,singlepass_eif,24,200,40979,0.997,0.974,0,0.972,379876,,99.85311668043698
grover_sat,sat_grover_schoning_n784_new.bin,8,1000000,singlepass_eif,24,225,40974,0.997,0.974,0,0.97,379876,,99.88056959118052
grover_sat,sat_grover_schoning_n784_new.bin,8,1000000,singlepass_eif,24,250,58636,0.998,0.974,0,0.942,379876,,99.93627326026001
grover_sat,sat_grover_schoning_n784_new.bin,8,1000000,singlepass_eif,32,250,40896,0.997,0.974,0,0.977,386916,,99.88649262202043
grover_sat,sat_grover_schoning_n784_new.bin,8,1000000,singlepass_eif,32,275,58636,0.998,0.974,0,0.94,386916,,99.85991722381407
grover_sat,sat_grover_schoning_n784_new.bin,8,1000000,singlepass_eif,32,300,58636,0.998,0.974,0,0.941,386916,,99.92356687898089
grover_sat,sat_grover_schoning_n784_new.bin,12,1000000,eif_baseline,0,0,42877,,0.987,0,0.278,352336,,
grover_sat,sat_grover_schoning_n784_new.bin,12,1000000,singlepass_eif,4,25,53719,0.987,0.987,0,0.831,362276,,96.55027345393353
grover_sat,sat_grover_schoning_n784_new.bin,12,1000000,singlepass_eif,4,50,53719,0.951,0.987,0,0.816,362276,,98.6631793083406
grover_sat,sat_grover_schoning_n784_new.bin,12,1000000,singlepass_eif,4,75,53719,0.936,0.987,0,0.801,362276,,99.66767594712356
grover_sat,sat_grover_schoning_n784_new.bin,12,1000000,singlepass_eif,8,75,68371,0.998,0.987,0,0.935,365796,,99.90859723641056
grover_sat,sat_grover_schoning_n784_new.bin,12,1000000,singlepass_eif,8,100,37562,0.996,0.987,0,0.992,365796,,99.85500241662639
grover_sat,sat_grover_schoning_n784_new.bin,12,1000000,singlepass_eif,8,125,53719,0.997,0.987,0,0.952,365796,,99.91663192997082
grover_sat,sat_grover_schoning_n784_new.bin,12,1000000,singlepass_eif,16,150,56915,0.998,0.987,0,0.946,372836,,99.87691909049686
grover_sat,sat_grover_schoning_n784_new.bin,12,1000000,singlepass_eif,16,175,56915,0.997,0.987,0,0.946,372836,,99.87687123323181
grover_sat,sat_grover_schoning_n784_new.bin,12,1000000,singlepass_eif,16,200,56915,0.997,0.987,0,0.946,372836,,99.91571576763485
grover_sat,sat_grover_schoning_n784_new.bin,12,1000000,singlepass_eif,24,200,68371,0.998,0.987,0,0.934,379876,,99.90864635391478
grover_sat,sat_grover_schoning_n784_new.bin,12,1000000,singlepass_eif,24,225,68371,0.998,0.987,0,0.932,379876,,99.88712104923673
grover_sat,sat_grover_schoning_n784_new.bin,12,1000000,singlepass_eif,24,250,53719,0.997,0.987,0,0.949,379876,,99.84039969467767
grover_sat,sat_grover_schoning_n784_new.bin,12,1000000,singlepass_eif,32,250,37562,0.996,0.987,0,0.988,386916,,99.83617615881276
grover_sat,sat_grover_schoning_n784_new.bin,12,1000000,singlepass_eif,32,275,53719,0.997,0.987,0,0.948,386916,,99.85438912772153
grover_sat,sat_grover_schoning_n784_new.bin,12,1000000,singlepass_eif,32,300,53719,0.997,0.987,0,0.948,386916,,99.9029260851477
grover_sat,sat_grover_schoning_n784_new.bin,16,1000000,eif_baseline,0,0,44396,,0.992,0,0.284,352336,,
grover_sat,sat_grover_schoning_n784_new.bin,16,1000000,singlepass_eif,4,25,44396,0.994,0.992,0,0.945,362276,,98.98512685914261
grover_sat,sat_grover_schoning_n784_new.bin,16,1000000,singlepass_eif,4,50,43726,0.988,0.992,0,0.945,362276,,99.62762656263853
grover_sat,sat_grover_schoning_n784_new.bin,16,1000000,singlepass_eif,4,75,44396,0.979,0.992,0,0.94,362276,,99.88488444168954
grover_sat,sat_grover_schoning_n784_new.bin,16,1000000,singlepass_eif,8,75,44396,0.997,0.992,0,0.972,365796,,99.8167059439644
grover_sat,sat_grover_schoning_n784_new.bin,16,1000000,singlepass_eif,8,100,48266,0.997,0.992,0,0.958,365796,,99.93191257574726
grover_sat,sat_grover_schoning_n784_new.bin,16,1000000,singlepass_eif,8,125,44396,0.996,0.992,0,0.973,365796,,99.89520565889443
grover_sat,sat_grover_schoning_n784_new.bin,16,1000000,singlepass_eif,16,150,44396,0.997,0.992,0,0.971,372836,,99.78198308188715
grover_sat,sat_grover_schoning_n784_new.bin,16,1000000,singlepass_eif,16,175,48266,0.997,0.992,0,0.956,372836,,99.88431439265057
grover_sat,sat_grover_schoning_n784_new.bin,16,1000000,singlepass_eif,16,200,48266,0.997,0.992,0,0.956,372836,,99.8842671386752
grover_sat,sat_grover_schoning_n784_new.bin,16,1000000,singlepass_eif,24,200,44396,0.997,0.992,0,0.969,379876,,99.77332170880558
grover_sat,sat_grover_schoning_n784_new.bin,16,1000000,singlepass_eif,24,225,44396,0.997,0.992,0,0.968,379876,,99.77332170880558
grover_sat,sat_grover_schoning_n784_new.bin,16,1000000,singlepass_eif,24,250,48038,0.997,0.992,0,0.968,379876,,99.82477100756671
grover_sat,sat_grover_schoning_n784_new.bin,16,1000000,singlepass_eif,32,250,48038,0.997,0.992,0,0.966,386916,,99.84087835149973
grover_sat,sat_grover_schoning_n784_new.bin,16,1000000,singlepass_eif,32,275,48038,0.997,0.992,0,0.968,386916,,99.86466045696999
grover_sat,sat_grover_schoning_n784_new.bin,16,1000000,singlepass_eif,32,300,45030,0.997,0.992,0,0.955,386916,,99.86764827529159
