benchmark,simulation_mode,log_file,intermediate_capacity_i,csm,csd,num_2d_blocks,sum_logical_qubits_in_memory,memory_physical_qubits,ipc
bose_hubbard_q,cache,cache/bose_hubbard_q/c4_i8_rri_csm34.log,8,34,,66,2252,1847996,0.54
bose_hubbard_q,cache,cache/bose_hubbard_q/c4_i8_rri_csm64.log,8,64,,35,2248,1893520,0.496
bose_hubbard_q,cache,cache/bose_hubbard_q/c4_i8_rri_csm98.log,8,98,,23,2262,1248928,0.496
bose_hubbard_q,cache,cache/bose_hubbard_q/c4_i8_rri_csm194.log,8,194,,12,2336,1070468,0.458
bose_hubbard_q,cache,cache/bose_hubbard_q/c4_i8_rri_csm322.log,8,322,,7,2262,929760,0.427
bose_hubbard_q,cache,cache/bose_hubbard_q/c4_i8_rri_csm482.log,8,482,,5,2418,924280,0.401
bose_hubbard_q,firstpass,firstpass/bose_hubbard_q/c4_baseline0_i0_csm194.log,0,194,,12,2328,1057008,0.109
bose_hubbard_q,prefetch,prefetch/bose_hubbard_q/c4_i8_lru_mld0_csm34.log,8,34,,66,2252,1847996,0.622
bose_hubbard_q,prefetch,prefetch/bose_hubbard_q/c4_i8_lru_mld0_csm64.log,8,64,,35,2248,1893520,0.595
bose_hubbard_q,prefetch,prefetch/bose_hubbard_q/c4_i8_lru_mld0_csm98.log,8,98,,23,2262,1248928,0.595
bose_hubbard_q,prefetch,prefetch/bose_hubbard_q/c4_i8_lru_mld0_csm194.log,8,194,,12,2336,1070468,0.568
bose_hubbard_q,prefetch,prefetch/bose_hubbard_q/c4_i8_lru_mld0_csm322.log,8,322,,7,2262,929760,0.548
bose_hubbard_q,prefetch,prefetch/bose_hubbard_q/c4_i8_lru_mld0_csm482.log,8,482,,5,2418,924280,0.525
bose_hubbard_t,cache,cache/bose_hubbard_t/c4_i8_rri_csm34.log,8,34,,64,2184,1792404,0.883
bose_hubbard_t,cache,cache/bose_hubbard_t/c4_i8_rri_csm64.log,8,64,,34,2184,1839804,0.876
bose_hubbard_t,cache,cache/bose_hubbard_t/c4_i8_rri_csm98.log,8,98,,23,2262,1248928,0.876
bose_hubbard_t,cache,cache/bose_hubbard_t/c4_i8_rri_csm194.log,8,194,,12,2336,1070468,0.867
bose_hubbard_t,cache,cache/bose_hubbard_t/c4_i8_rri_csm322.log,8,322,,7,2262,929760,0.858
bose_hubbard_t,cache,cache/bose_hubbard_t/c4_i8_rri_csm482.log,8,482,,5,2418,924280,0.847
bose_hubbard_t,firstpass,firstpass/bose_hubbard_t/c4_baseline0_i0_csm194.log,0,194,,12,2328,1057008,0.281
bose_hubbard_t,prefetch,prefetch/bose_hubbard_t/c4_i8_lru_mld0_csm34.log,8,34,,64,2184,1792404,0.898
bose_hubbard_t,prefetch,prefetch/bose_hubbard_t/c4_i8_lru_mld0_csm64.log,8,64,,34,2184,1839804,0.898
bose_hubbard_t,prefetch,prefetch/bose_hubbard_t/c4_i8_lru_mld0_csm98.log,8,98,,23,2262,1248928,0.898
bose_hubbard_t,prefetch,prefetch/bose_hubbard_t/c4_i8_lru_mld0_csm194.log,8,194,,12,2336,1070468,0.898
bose_hubbard_t,prefetch,prefetch/bose_hubbard_t/c4_i8_lru_mld0_csm322.log,8,322,,7,2262,929760,0.898
bose_hubbard_t,prefetch,prefetch/bose_hubbard_t/c4_i8_lru_mld0_csm482.log,8,482,,5,2418,924280,0.897
chromium_q_prepare,cache,cache/chromium_q_prepare/c4_i8_rri_csm34.log,8,34,,5,178,152440,0.597
chromium_q_prepare,cache,cache/chromium_q_prepare/c4_i8_rri_csm64.log,8,64,,3,200,174608,0.566
chromium_q_prepare,cache,cache/chromium_q_prepare/c4_i8_rri_csm98.log,8,98,,2,204,120892,0.566
chromium_q_prepare,cache,cache/chromium_q_prepare/c4_i8_rri_csm194.log,8,194,,1,202,101544,0.537
chromium_q_prepare,cache,cache/chromium_q_prepare/c4_i8_rri_csm322.log,8,322,,1,330,144360,0.51
chromium_q_prepare,cache,cache/chromium_q_prepare/c4_i8_rri_csm482.log,8,482,,1,490,195624,0.495
chromium_q_prepare,firstpass,firstpass/chromium_q_prepare/c4_baseline0_i0_csm194.log,0,194,,1,194,88084,0.097
chromium_q_prepare,prefetch,prefetch/chromium_q_prepare/c4_i8_lru_mld0_csm34.log,8,34,,5,178,152440,0.646
chromium_q_prepare,prefetch,prefetch/chromium_q_prepare/c4_i8_lru_mld0_csm64.log,8,64,,3,200,174608,0.636
chromium_q_prepare,prefetch,prefetch/chromium_q_prepare/c4_i8_lru_mld0_csm98.log,8,98,,2,204,120892,0.638
chromium_q_prepare,prefetch,prefetch/chromium_q_prepare/c4_i8_lru_mld0_csm194.log,8,194,,1,202,101544,0.632
chromium_q_prepare,prefetch,prefetch/chromium_q_prepare/c4_i8_lru_mld0_csm322.log,8,322,,1,330,144360,0.618
chromium_q_prepare,prefetch,prefetch/chromium_q_prepare/c4_i8_lru_mld0_csm482.log,8,482,,1,490,195624,0.597
chromium_q_select,cache,cache/chromium_q_select/c4_i8_rri_csm34.log,8,34,,0,8,,
chromium_q_select,cache,cache/chromium_q_select/c4_i8_rri_csm64.log,8,64,,3,200,174608,0.018
chromium_q_select,cache,cache/chromium_q_select/c4_i8_rri_csm98.log,8,98,,2,204,120892,0.018
chromium_q_select,cache,cache/chromium_q_select/c4_i8_rri_csm194.log,8,194,,1,202,101544,0.015
chromium_q_select,cache,cache/chromium_q_select/c4_i8_rri_csm322.log,8,322,,1,330,144360,0.012
chromium_q_select,cache,cache/chromium_q_select/c4_i8_rri_csm482.log,8,482,,1,490,195624,0.011
chromium_q_select,firstpass,firstpass/chromium_q_select/c4_baseline0_i0_csm194.log,0,194,,1,194,88084,0.011
chromium_q_select,prefetch,prefetch/chromium_q_select/c4_i8_lru_mld0_csm34.log,8,34,,5,178,152440,0.057
chromium_q_select,prefetch,prefetch/chromium_q_select/c4_i8_lru_mld0_csm64.log,8,64,,3,200,174608,0.046
chromium_q_select,prefetch,prefetch/chromium_q_select/c4_i8_lru_mld0_csm98.log,8,98,,2,204,120892,0.05
chromium_q_select,prefetch,prefetch/chromium_q_select/c4_i8_lru_mld0_csm194.log,8,194,,1,202,101544,0.052
chromium_q_select,prefetch,prefetch/chromium_q_select/c4_i8_lru_mld0_csm322.log,8,322,,1,330,144360,0.044
chromium_q_select,prefetch,prefetch/chromium_q_select/c4_i8_lru_mld0_csm482.log,8,482,,1,490,195624,0.039
chromium_t,cache,cache/chromium_t/c4_i8_rri_csm34.log,8,34,,4,144,124644,0.151
chromium_t,cache,cache/chromium_t/c4_i8_rri_csm64.log,8,64,,2,136,120892,0.116
chromium_t,cache,cache/chromium_t/c4_i8_rri_csm98.log,8,98,,2,204,120892,0.116
chromium_t,cache,cache/chromium_t/c4_i8_rri_csm194.log,8,194,,1,202,101544,0.097
chromium_t,cache,cache/chromium_t/c4_i8_rri_csm322.log,8,322,,1,330,144360,0.081
chromium_t,cache,cache/chromium_t/c4_i8_rri_csm482.log,8,482,,1,490,195624,0.07
chromium_t,firstpass,firstpass/chromium_t/c4_baseline0_i0_csm194.log,0,194,,1,194,88084,0.069
chromium_t,prefetch,prefetch/chromium_t/c4_i8_lru_mld0_csm34.log,8,34,,4,144,124644,0.257
chromium_t,prefetch,prefetch/chromium_t/c4_i8_lru_mld0_csm64.log,8,64,,2,136,120892,0.223
chromium_t,prefetch,prefetch/chromium_t/c4_i8_lru_mld0_csm98.log,8,98,,2,204,120892,0.223
chromium_t,prefetch,prefetch/chromium_t/c4_i8_lru_mld0_csm194.log,8,194,,1,202,101544,0.229
chromium_t,prefetch,prefetch/chromium_t/c4_i8_lru_mld0_csm322.log,8,322,,1,330,144360,0.197
chromium_t,prefetch,prefetch/chromium_t/c4_i8_lru_mld0_csm482.log,8,482,,1,490,195624,0.168
ethylene_oxide_q_prepare,cache,cache/ethylene_oxide_q_prepare/c4_i8_rri_csm34.log,8,34,,9,314,263624,0.625
ethylene_oxide_q_prepare,cache,cache/ethylene_oxide_q_prepare/c4_i8_rri_csm64.log,8,64,,5,328,282040,0.591
ethylene_oxide_q_prepare,cache,cache/ethylene_oxide_q_prepare/c4_i8_rri_csm98.log,8,98,,3,302,174608,0.592
ethylene_oxide_q_prepare,cache,cache/ethylene_oxide_q_prepare/c4_i8_rri_csm194.log,8,194,,2,396,189628,0.558
ethylene_oxide_q_prepare,cache,cache/ethylene_oxide_q_prepare/c4_i8_rri_csm322.log,8,322,,1,330,144360,0.547
ethylene_oxide_q_prepare,cache,cache/ethylene_oxide_q_prepare/c4_i8_rri_csm482.log,8,482,,1,490,195624,0.515
ethylene_oxide_q_prepare,firstpass,firstpass/ethylene_oxide_q_prepare/c4_baseline0_i0_csm194.log,0,194,,2,388,176168,0.126
ethylene_oxide_q_prepare,prefetch,prefetch/ethylene_oxide_q_prepare/c4_i8_lru_mld0_csm34.log,8,34,,9,314,263624,0.699
ethylene_oxide_q_prepare,prefetch,prefetch/ethylene_oxide_q_prepare/c4_i8_lru_mld0_csm64.log,8,64,,5,328,282040,0.691
ethylene_oxide_q_prepare,prefetch,prefetch/ethylene_oxide_q_prepare/c4_i8_lru_mld0_csm98.log,8,98,,3,302,174608,0.693
ethylene_oxide_q_prepare,prefetch,prefetch/ethylene_oxide_q_prepare/c4_i8_lru_mld0_csm194.log,8,194,,2,396,189628,0.685
ethylene_oxide_q_prepare,prefetch,prefetch/ethylene_oxide_q_prepare/c4_i8_lru_mld0_csm322.log,8,322,,1,330,144360,0.683
ethylene_oxide_q_prepare,prefetch,prefetch/ethylene_oxide_q_prepare/c4_i8_lru_mld0_csm482.log,8,482,,1,490,195624,0.67
ethylene_oxide_q_select,cache,cache/ethylene_oxide_q_select/c4_i8_rri_csm34.log,8,34,,9,314,263624,0.102
ethylene_oxide_q_select,cache,cache/ethylene_oxide_q_select/c4_i8_rri_csm64.log,8,64,,5,328,282040,0.082
ethylene_oxide_q_select,cache,cache/ethylene_oxide_q_select/c4_i8_rri_csm98.log,8,98,,3,302,174608,0.082
ethylene_oxide_q_select,cache,cache/ethylene_oxide_q_select/c4_i8_rri_csm194.log,8,194,,2,396,189628,0.068
ethylene_oxide_q_select,cache,cache/ethylene_oxide_q_select/c4_i8_rri_csm322.log,8,322,,1,330,144360,0.059
ethylene_oxide_q_select,cache,cache/ethylene_oxide_q_select/c4_i8_rri_csm482.log,8,482,,1,490,195624,0.051
ethylene_oxide_q_select,firstpass,firstpass/ethylene_oxide_q_select/c4_baseline0_i0_csm194.log,0,194,,2,388,176168,0.017
ethylene_oxide_q_select,prefetch,prefetch/ethylene_oxide_q_select/c4_i8_lru_mld0_csm34.log,8,34,,9,314,263624,0.138
ethylene_oxide_q_select,prefetch,prefetch/ethylene_oxide_q_select/c4_i8_lru_mld0_csm64.log,8,64,,5,328,282040,0.115
ethylene_oxide_q_select,prefetch,prefetch/ethylene_oxide_q_select/c4_i8_lru_mld0_csm98.log,8,98,,3,302,174608,0.118
ethylene_oxide_q_select,prefetch,prefetch/ethylene_oxide_q_select/c4_i8_lru_mld0_csm194.log,8,194,,2,396,189628,0.102
ethylene_oxide_q_select,prefetch,prefetch/ethylene_oxide_q_select/c4_i8_lru_mld0_csm322.log,8,322,,1,330,144360,0.098
ethylene_oxide_q_select,prefetch,prefetch/ethylene_oxide_q_select/c4_i8_lru_mld0_csm482.log,8,482,,1,490,195624,0.085
ethylene_oxide_t,cache,cache/ethylene_oxide_t/c4_i8_rri_csm34.log,8,34,,7,246,208032,0.801
ethylene_oxide_t,cache,cache/ethylene_oxide_t/c4_i8_rri_csm64.log,8,64,,4,264,228324,0.791
ethylene_oxide_t,cache,cache/ethylene_oxide_t/c4_i8_rri_csm98.log,8,98,,3,302,174608,0.791
ethylene_oxide_t,cache,cache/ethylene_oxide_t/c4_i8_rri_csm194.log,8,194,,2,396,189628,0.774
ethylene_oxide_t,cache,cache/ethylene_oxide_t/c4_i8_rri_csm322.log,8,322,,1,330,144360,0.735
ethylene_oxide_t,cache,cache/ethylene_oxide_t/c4_i8_rri_csm482.log,8,482,,1,490,195624,0.722
ethylene_oxide_t,firstpass,firstpass/ethylene_oxide_t/c4_baseline0_i0_csm194.log,0,194,,2,388,176168,0.212
ethylene_oxide_t,prefetch,prefetch/ethylene_oxide_t/c4_i8_lru_mld0_csm34.log,8,34,,7,246,208032,0.824
ethylene_oxide_t,prefetch,prefetch/ethylene_oxide_t/c4_i8_lru_mld0_csm64.log,8,64,,4,264,228324,0.824
ethylene_oxide_t,prefetch,prefetch/ethylene_oxide_t/c4_i8_lru_mld0_csm98.log,8,98,,3,302,174608,0.824
ethylene_oxide_t,prefetch,prefetch/ethylene_oxide_t/c4_i8_lru_mld0_csm194.log,8,194,,2,396,189628,0.824
ethylene_oxide_t,prefetch,prefetch/ethylene_oxide_t/c4_i8_lru_mld0_csm322.log,8,322,,1,330,144360,0.824
ethylene_oxide_t,prefetch,prefetch/ethylene_oxide_t/c4_i8_lru_mld0_csm482.log,8,482,,1,490,195624,0.824
grover_3sat,cache,cache/grover_3sat/c4_i8_rri_csm34.log,8,34,,50,1708,1403260,0.818
grover_3sat,cache,cache/grover_3sat/c4_i8_rri_csm98.log,8,98,,18,1772,980348,0.724
grover_3sat,cache,cache/grover_3sat/c4_i8_rri_csm194.log,8,194,,9,1754,806216,0.648
grover_3sat,cache,cache/grover_3sat/c4_i8_rri_csm322.log,8,322,,6,1940,798860,0.583
grover_3sat,cache,cache/grover_3sat/c4_i8_rri_csm482.log,8,482,,4,1936,742116,0.531
grover_3sat,firstpass,firstpass/grover_3sat/c4_baseline0_i0_csm194.log,0,194,,9,1746,792756,0.368
grover_3sat,prefetch,prefetch/grover_3sat/c4_i8_lru_mld0_csm34.log,8,34,,50,1708,1403260,1.015
grover_3sat,prefetch,prefetch/grover_3sat/c4_i8_lru_mld0_csm98.log,8,98,,18,1772,980348,0.988
grover_3sat,prefetch,prefetch/grover_3sat/c4_i8_lru_mld0_csm194.log,8,194,,9,1754,806216,0.95
grover_3sat,prefetch,prefetch/grover_3sat/c4_i8_lru_mld0_csm322.log,8,322,,6,1940,798860,0.907
grover_3sat,prefetch,prefetch/grover_3sat/c4_i8_lru_mld0_csm482.log,8,482,,4,1936,742116,0.867
shor_rsa24,cache,cache/shor_rsa24/c4_i8_rri_csm34.log,8,34,,3,110,96848,0.596
shor_rsa24,cache,cache/shor_rsa24/c4_i8_rri_csm98.log,8,98,,2,204,120892,0.512
shor_rsa24,cache,cache/shor_rsa24/c4_i8_rri_csm194.log,8,194,,1,202,101544,0.444
shor_rsa24,cache,cache/shor_rsa24/c4_i8_rri_csm322.log,8,322,,1,330,144360,0.39
shor_rsa24,cache,cache/shor_rsa24/c4_i8_rri_csm482.log,8,482,,1,490,195624,0.353
shor_rsa24,firstpass,firstpass/shor_rsa24/c4_baseline0_i0_csm194.log,0,194,,1,194,88084,0.221
shor_rsa24,prefetch,prefetch/shor_rsa24/c4_i8_lru_mld0_csm34.log,8,34,,3,110,96848,0.8
shor_rsa24,prefetch,prefetch/shor_rsa24/c4_i8_lru_mld0_csm64.log,8,64,,2,136,120892,0.762
shor_rsa24,prefetch,prefetch/shor_rsa24/c4_i8_lru_mld0_csm98.log,8,98,,2,204,120892,0.761
shor_rsa24,prefetch,prefetch/shor_rsa24/c4_i8_lru_mld0_csm194.log,8,194,,1,202,101544,0.713
shor_rsa24,prefetch,prefetch/shor_rsa24/c4_i8_lru_mld0_csm322.log,8,322,,1,330,144360,0.675
shor_rsa24,prefetch,prefetch/shor_rsa24/c4_i8_lru_mld0_csm482.log,8,482,,1,490,195624,0.645
