benchmark,raw_file,active_set_capacity,sim_instructions,scheduler,intermediate_capacity,min_layer_distance,compile_mem_accesses,compile_prefetch_coverage,baseline_ipc,baseline_mem_phys_qubits,ipc,mem_phys_qubits,sim_miss_rate_pct,prefetch_ready_on_load_pct
cr2,BQ_e_cr2_120_d100_t1M_T5M.xz,4,1000000,eif_baseline,0,0,766704,,0.669,0,0.08,88084,,
cr2,BQ_e_cr2_120_d100_t1M_T5M.xz,4,1000000,singlepass_eif,4,0,766778,0.97,0.669,0,0.079,98024,,24.373233429780402
cr2,BQ_e_cr2_120_d100_t1M_T5M.xz,4,1000000,singlepass_eif,4,25,766834,0.829,0.669,0,0.101,98024,,35.10190752444436
cr2,BQ_e_cr2_120_d100_t1M_T5M.xz,4,1000000,singlepass_eif,4,50,766682,0.584,0.669,0,0.158,98024,,89.73598338771878
cr2,BQ_e_cr2_120_d100_t1M_T5M.xz,4,1000000,singlepass_eif,4,75,766756,0.447,0.669,0,0.132,98024,,96.27387866489399
cr2,BQ_e_cr2_120_d100_t1M_T5M.xz,4,1000000,singlepass_eif,4,100,766810,0.362,0.669,0,0.115,98024,,98.30968910353154
cr2,BQ_e_cr2_120_d100_t1M_T5M.xz,4,1000000,singlepass_eif,4,125,766783,0.301,0.669,0,0.105,98024,,98.45162631196092
cr2,BQ_e_cr2_120_d100_t1M_T5M.xz,4,1000000,singlepass_eif,4,150,766815,0.266,0.669,0,0.099,98024,,98.28371900337338
cr2,BQ_e_cr2_120_d100_t1M_T5M.xz,4,1000000,singlepass_eif,4,175,766706,0.242,0.669,0,0.097,98024,,98.79895561357702
cr2,BQ_e_cr2_120_d100_t1M_T5M.xz,4,1000000,singlepass_eif,4,200,766718,0.227,0.669,0,0.095,98024,,99.23706478013594
cr2,BQ_e_cr2_120_d100_t1M_T5M.xz,4,1000000,singlepass_eif,4,225,766884,0.218,0.669,0,0.094,98024,,99.45910861099091
cr2,BQ_e_cr2_120_d100_t1M_T5M.xz,4,1000000,singlepass_eif,4,250,766769,0.21,0.669,0,0.093,98024,,99.47321561062472
cr2,BQ_e_cr2_120_d100_t1M_T5M.xz,4,1000000,singlepass_eif,4,275,766678,0.206,0.669,0,0.093,98024,,99.38491912825575
cr2,BQ_e_cr2_120_d100_t1M_T5M.xz,4,1000000,singlepass_eif,4,300,766719,0.201,0.669,0,0.092,98024,,99.36280985313545
cr2,BQ_e_cr2_120_d100_t1M_T5M.xz,4,1000000,singlepass_eif,8,0,766676,0.992,0.669,0,0.091,101544,,37.79083085179489
cr2,BQ_e_cr2_120_d100_t1M_T5M.xz,4,1000000,singlepass_eif,8,25,766704,0.979,0.669,0,0.092,101544,,37.72502603607029
cr2,BQ_e_cr2_120_d100_t1M_T5M.xz,4,1000000,singlepass_eif,8,50,766791,0.911,0.669,0,0.107,101544,,44.05535009643799
cr2,BQ_e_cr2_120_d100_t1M_T5M.xz,4,1000000,singlepass_eif,8,75,766759,0.802,0.669,0,0.157,101544,,69.18813302496211
cr2,BQ_e_cr2_120_d100_t1M_T5M.xz,4,1000000,singlepass_eif,8,100,766921,0.683,0.669,0,0.186,101544,,91.89012579056687
cr2,BQ_e_cr2_120_d100_t1M_T5M.xz,4,1000000,singlepass_eif,8,125,766836,0.588,0.669,0,0.157,101544,,98.29386437029063
cr2,BQ_e_cr2_120_d100_t1M_T5M.xz,4,1000000,singlepass_eif,8,150,766924,0.526,0.669,0,0.137,101544,,98.68630215050538
cr2,BQ_e_cr2_120_d100_t1M_T5M.xz,4,1000000,singlepass_eif,8,175,766761,0.484,0.669,0,0.127,101544,,98.78408495018354
cr2,BQ_e_cr2_120_d100_t1M_T5M.xz,4,1000000,singlepass_eif,8,200,766807,0.456,0.669,0,0.121,101544,,99.1220186657449
cr2,BQ_e_cr2_120_d100_t1M_T5M.xz,4,1000000,singlepass_eif,8,225,766774,0.438,0.669,0,0.119,101544,,99.33713139130747
cr2,BQ_e_cr2_120_d100_t1M_T5M.xz,4,1000000,singlepass_eif,8,250,766888,0.425,0.669,0,0.117,101544,,99.4052676295667
cr2,BQ_e_cr2_120_d100_t1M_T5M.xz,4,1000000,singlepass_eif,8,275,766786,0.414,0.669,0,0.115,101544,,99.4243950467679
cr2,BQ_e_cr2_120_d100_t1M_T5M.xz,4,1000000,singlepass_eif,8,300,766878,0.404,0.669,0,0.113,101544,,99.45270348950045
cr2,BQ_e_cr2_120_d100_t1M_T5M.xz,4,1000000,singlepass_eif,16,0,766739,0.999,0.669,0,0.165,108584,,74.57668040175122
cr2,BQ_e_cr2_120_d100_t1M_T5M.xz,4,1000000,singlepass_eif,16,25,766837,0.997,0.669,0,0.166,108584,,74.67909436883184
cr2,BQ_e_cr2_120_d100_t1M_T5M.xz,4,1000000,singlepass_eif,16,50,766887,0.995,0.669,0,0.167,108584,,74.84336649011756
cr2,BQ_e_cr2_120_d100_t1M_T5M.xz,4,1000000,singlepass_eif,16,75,766737,0.99,0.669,0,0.169,108584,,75.23159038920164
cr2,BQ_e_cr2_120_d100_t1M_T5M.xz,4,1000000,singlepass_eif,16,100,766691,0.976,0.669,0,0.18,108584,,77.38263644438597
cr2,BQ_e_cr2_120_d100_t1M_T5M.xz,4,1000000,singlepass_eif,16,125,766802,0.948,0.669,0,0.201,108584,,81.54381695900504
cr2,BQ_e_cr2_120_d100_t1M_T5M.xz,4,1000000,singlepass_eif,16,150,766951,0.909,0.669,0,0.259,108584,,91.30877729180938
cr2,BQ_e_cr2_120_d100_t1M_T5M.xz,4,1000000,singlepass_eif,16,175,766796,0.875,0.669,0,0.286,108584,,96.91586569151362
cr2,BQ_e_cr2_120_d100_t1M_T5M.xz,4,1000000,singlepass_eif,16,200,766633,0.846,0.669,0,0.272,108584,,98.8290221770398
cr2,BQ_e_cr2_120_d100_t1M_T5M.xz,4,1000000,singlepass_eif,16,225,766686,0.825,0.669,0,0.259,108584,,99.5110495110495
cr2,BQ_e_cr2_120_d100_t1M_T5M.xz,4,1000000,singlepass_eif,16,250,766780,0.807,0.669,0,0.247,108584,,99.63713394660965
cr2,BQ_e_cr2_120_d100_t1M_T5M.xz,4,1000000,singlepass_eif,16,275,766755,0.793,0.669,0,0.235,108584,,99.67460523426426
cr2,BQ_e_cr2_120_d100_t1M_T5M.xz,4,1000000,singlepass_eif,16,300,766750,0.779,0.669,0,0.228,108584,,99.70591814383646
cr2,BQ_e_cr2_120_d100_t1M_T5M.xz,4,1000000,singlepass_eif,24,0,766991,1.0,0.669,0,0.525,81256,,96.87539234149403
cr2,BQ_e_cr2_120_d100_t1M_T5M.xz,4,1000000,singlepass_eif,24,25,766729,1.0,0.669,0,0.525,81256,,96.85651061692745
cr2,BQ_e_cr2_120_d100_t1M_T5M.xz,4,1000000,singlepass_eif,24,50,766852,1.0,0.669,0,0.53,81256,,96.9676983715708
cr2,BQ_e_cr2_120_d100_t1M_T5M.xz,4,1000000,singlepass_eif,24,75,766802,1.0,0.669,0,0.527,81256,,96.88157853394917
cr2,BQ_e_cr2_120_d100_t1M_T5M.xz,4,1000000,singlepass_eif,24,100,766861,0.999,0.669,0,0.529,81256,,96.95018531314781
cr2,BQ_e_cr2_120_d100_t1M_T5M.xz,4,1000000,singlepass_eif,24,125,766952,0.999,0.669,0,0.527,81256,,96.95912498232049
cr2,BQ_e_cr2_120_d100_t1M_T5M.xz,4,1000000,singlepass_eif,24,150,766781,0.998,0.669,0,0.53,81256,,97.15067459194263
cr2,BQ_e_cr2_120_d100_t1M_T5M.xz,4,1000000,singlepass_eif,24,175,766778,0.996,0.669,0,0.535,81256,,97.40789763953232
cr2,BQ_e_cr2_120_d100_t1M_T5M.xz,4,1000000,singlepass_eif,24,200,766752,0.992,0.669,0,0.546,81256,,98.05241073549205
cr2,BQ_e_cr2_120_d100_t1M_T5M.xz,4,1000000,singlepass_eif,24,225,766851,0.987,0.669,0,0.554,81256,,98.68867068765218
cr2,BQ_e_cr2_120_d100_t1M_T5M.xz,4,1000000,singlepass_eif,24,250,766814,0.981,0.669,0,0.547,81256,,99.17306367089216
cr2,BQ_e_cr2_120_d100_t1M_T5M.xz,4,1000000,singlepass_eif,24,275,766881,0.973,0.669,0,0.531,81256,,99.51326002587322
cr2,BQ_e_cr2_120_d100_t1M_T5M.xz,4,1000000,singlepass_eif,24,300,766863,0.966,0.669,0,0.518,81256,,99.6986774382696
cr2,BQ_e_cr2_120_d100_t1M_T5M.xz,4,1000000,singlepass_eif,32,0,766913,1.0,0.669,0,0.625,88296,,99.69271564498519
cr2,BQ_e_cr2_120_d100_t1M_T5M.xz,4,1000000,singlepass_eif,32,25,766760,1.0,0.669,0,0.625,88296,,99.67565881802588
cr2,BQ_e_cr2_120_d100_t1M_T5M.xz,4,1000000,singlepass_eif,32,50,766787,1.0,0.669,0,0.628,88296,,99.75982907315856
cr2,BQ_e_cr2_120_d100_t1M_T5M.xz,4,1000000,singlepass_eif,32,75,766726,1.0,0.669,0,0.624,88296,,99.69274440077359
cr2,BQ_e_cr2_120_d100_t1M_T5M.xz,4,1000000,singlepass_eif,32,100,766739,1.0,0.669,0,0.625,88296,,99.67391134757305
cr2,BQ_e_cr2_120_d100_t1M_T5M.xz,4,1000000,singlepass_eif,32,125,766773,1.0,0.669,0,0.625,88296,,99.67842647517952
cr2,BQ_e_cr2_120_d100_t1M_T5M.xz,4,1000000,singlepass_eif,32,150,766760,1.0,0.669,0,0.628,88296,,99.74719101123596
cr2,BQ_e_cr2_120_d100_t1M_T5M.xz,4,1000000,singlepass_eif,32,175,766800,1.0,0.669,0,0.625,88296,,99.68166284349984
cr2,BQ_e_cr2_120_d100_t1M_T5M.xz,4,1000000,singlepass_eif,32,200,766808,1.0,0.669,0,0.628,88296,,99.73928248040716
cr2,BQ_e_cr2_120_d100_t1M_T5M.xz,4,1000000,singlepass_eif,32,225,766839,1.0,0.669,0,0.625,88296,,99.71284996410624
cr2,BQ_e_cr2_120_d100_t1M_T5M.xz,4,1000000,singlepass_eif,32,250,766703,1.0,0.669,0,0.627,88296,,99.76432027469954
cr2,BQ_e_cr2_120_d100_t1M_T5M.xz,4,1000000,singlepass_eif,32,275,766660,0.999,0.669,0,0.628,88296,,99.77664625765338
cr2,BQ_e_cr2_120_d100_t1M_T5M.xz,4,1000000,singlepass_eif,32,300,766761,0.999,0.669,0,0.626,88296,,99.77965651419731
h60,e_h60_121_td_1000by40.bin,4,1000000,eif_baseline,0,0,523122,,0.746,0,0.118,88084,,
h60,e_h60_121_td_1000by40.bin,4,1000000,singlepass_eif,4,0,523133,0.969,0.746,0,0.111,98024,,28.553781191743592
h60,e_h60_121_td_1000by40.bin,4,1000000,singlepass_eif,4,25,523063,0.797,0.746,0,0.152,98024,,43.49986497434512
h60,e_h60_121_td_1000by40.bin,4,1000000,singlepass_eif,4,50,523084,0.55,0.746,0,0.212,98024,,91.26393335133258
h60,e_h60_121_td_1000by40.bin,4,1000000,singlepass_eif,4,75,523056,0.418,0.746,0,0.178,98024,,97.263910158244
h60,e_h60_121_td_1000by40.bin,4,1000000,singlepass_eif,4,100,523178,0.339,0.746,0,0.16,98024,,98.04166146937757
h60,e_h60_121_td_1000by40.bin,4,1000000,singlepass_eif,4,125,523034,0.285,0.746,0,0.149,98024,,98.2387768867571
h60,e_h60_121_td_1000by40.bin,4,1000000,singlepass_eif,4,150,523090,0.251,0.746,0,0.143,98024,,98.58582437124227
h60,e_h60_121_td_1000by40.bin,4,1000000,singlepass_eif,4,175,523008,0.229,0.746,0,0.139,98024,,98.70822802583544
h60,e_h60_121_td_1000by40.bin,4,1000000,singlepass_eif,4,200,523064,0.213,0.746,0,0.137,98024,,98.92395982783357
h60,e_h60_121_td_1000by40.bin,4,1000000,singlepass_eif,4,225,523144,0.203,0.746,0,0.136,98024,,99.16002126528443
h60,e_h60_121_td_1000by40.bin,4,1000000,singlepass_eif,4,250,523150,0.195,0.746,0,0.135,98024,,99.27857935627081
h60,e_h60_121_td_1000by40.bin,4,1000000,singlepass_eif,4,275,522989,0.189,0.746,0,0.134,98024,,99.36587022987204
h60,e_h60_121_td_1000by40.bin,4,1000000,singlepass_eif,4,300,523045,0.184,0.746,0,0.133,98024,,99.45570353213665
h60,e_h60_121_td_1000by40.bin,4,1000000,singlepass_eif,8,0,523102,0.991,0.746,0,0.128,101544,,41.55025180643749
h60,e_h60_121_td_1000by40.bin,4,1000000,singlepass_eif,8,25,523088,0.979,0.746,0,0.132,101544,,41.96821027394219
h60,e_h60_121_td_1000by40.bin,4,1000000,singlepass_eif,8,50,523021,0.882,0.746,0,0.164,101544,,52.34441811029394
h60,e_h60_121_td_1000by40.bin,4,1000000,singlepass_eif,8,75,523186,0.76,0.746,0,0.232,101544,,77.62942932792518
h60,e_h60_121_td_1000by40.bin,4,1000000,singlepass_eif,8,100,523137,0.647,0.746,0,0.242,101544,,94.59557850145619
h60,e_h60_121_td_1000by40.bin,4,1000000,singlepass_eif,8,125,523187,0.557,0.746,0,0.209,101544,,98.32592706098683
h60,e_h60_121_td_1000by40.bin,4,1000000,singlepass_eif,8,150,523180,0.498,0.746,0,0.185,101544,,98.29251466022767
h60,e_h60_121_td_1000by40.bin,4,1000000,singlepass_eif,8,175,523139,0.456,0.746,0,0.174,101544,,98.45433919455473
h60,e_h60_121_td_1000by40.bin,4,1000000,singlepass_eif,8,200,523041,0.428,0.746,0,0.167,101544,,98.75478927203065
h60,e_h60_121_td_1000by40.bin,4,1000000,singlepass_eif,8,225,523043,0.407,0.746,0,0.163,101544,,99.08780539848502
h60,e_h60_121_td_1000by40.bin,4,1000000,singlepass_eif,8,250,523117,0.392,0.746,0,0.161,101544,,99.21133906904919
h60,e_h60_121_td_1000by40.bin,4,1000000,singlepass_eif,8,275,523042,0.38,0.746,0,0.159,101544,,99.41335740072202
h60,e_h60_121_td_1000by40.bin,4,1000000,singlepass_eif,8,300,523152,0.368,0.746,0,0.157,101544,,99.38264414676762
h60,e_h60_121_td_1000by40.bin,4,1000000,singlepass_eif,16,0,523097,0.999,0.746,0,0.227,108584,,75.8897470846585
h60,e_h60_121_td_1000by40.bin,4,1000000,singlepass_eif,16,25,523142,0.997,0.746,0,0.229,108584,,76.32183908045977
h60,e_h60_121_td_1000by40.bin,4,1000000,singlepass_eif,16,50,523010,0.995,0.746,0,0.232,108584,,76.75111449385669
h60,e_h60_121_td_1000by40.bin,4,1000000,singlepass_eif,16,75,523059,0.987,0.746,0,0.238,108584,,77.4272695408342
h60,e_h60_121_td_1000by40.bin,4,1000000,singlepass_eif,16,100,523124,0.961,0.746,0,0.26,108584,,80.6490060268058
h60,e_h60_121_td_1000by40.bin,4,1000000,singlepass_eif,16,125,523093,0.923,0.746,0,0.295,108584,,85.794510611414
h60,e_h60_121_td_1000by40.bin,4,1000000,singlepass_eif,16,150,523218,0.878,0.746,0,0.348,108584,,93.99970441893689
h60,e_h60_121_td_1000by40.bin,4,1000000,singlepass_eif,16,175,523137,0.838,0.746,0,0.351,108584,,97.86313784048195
h60,e_h60_121_td_1000by40.bin,4,1000000,singlepass_eif,16,200,523061,0.802,0.746,0,0.324,108584,,99.03511123023318
h60,e_h60_121_td_1000by40.bin,4,1000000,singlepass_eif,16,225,523155,0.774,0.746,0,0.302,108584,,99.29479704592148
h60,e_h60_121_td_1000by40.bin,4,1000000,singlepass_eif,16,250,523140,0.75,0.746,0,0.285,108584,,99.4533016572688
h60,e_h60_121_td_1000by40.bin,4,1000000,singlepass_eif,16,275,523161,0.73,0.746,0,0.274,108584,,99.53279266572638
h60,e_h60_121_td_1000by40.bin,4,1000000,singlepass_eif,16,300,523204,0.712,0.746,0,0.263,108584,,99.5293200623576
h60,e_h60_121_td_1000by40.bin,4,1000000,singlepass_eif,24,0,523057,1.0,0.746,0,0.61,81256,,96.58853611762198
h60,e_h60_121_td_1000by40.bin,4,1000000,singlepass_eif,24,25,523010,1.0,0.746,0,0.616,81256,,96.80141496366697
h60,e_h60_121_td_1000by40.bin,4,1000000,singlepass_eif,24,50,523049,1.0,0.746,0,0.61,81256,,96.67178044830818
h60,e_h60_121_td_1000by40.bin,4,1000000,singlepass_eif,24,75,523085,0.999,0.746,0,0.613,81256,,96.80155127959257
h60,e_h60_121_td_1000by40.bin,4,1000000,singlepass_eif,24,100,523126,0.999,0.746,0,0.615,81256,,96.84475333646016
h60,e_h60_121_td_1000by40.bin,4,1000000,singlepass_eif,24,125,523174,0.998,0.746,0,0.618,81256,,96.91782283884739
h60,e_h60_121_td_1000by40.bin,4,1000000,singlepass_eif,24,150,523222,0.995,0.746,0,0.624,81256,,97.24405233516778
h60,e_h60_121_td_1000by40.bin,4,1000000,singlepass_eif,24,175,523060,0.99,0.746,0,0.632,81256,,97.89507702251427
h60,e_h60_121_td_1000by40.bin,4,1000000,singlepass_eif,24,200,523108,0.982,0.746,0,0.635,81256,,98.59962222366964
h60,e_h60_121_td_1000by40.bin,4,1000000,singlepass_eif,24,225,523107,0.972,0.746,0,0.629,81256,,99.153267378858
h60,e_h60_121_td_1000by40.bin,4,1000000,singlepass_eif,24,250,523146,0.959,0.746,0,0.612,81256,,99.48237175926954
h60,e_h60_121_td_1000by40.bin,4,1000000,singlepass_eif,24,275,523096,0.945,0.746,0,0.58,81256,,99.64150432900433
h60,e_h60_121_td_1000by40.bin,4,1000000,singlepass_eif,24,300,523143,0.932,0.746,0,0.558,81256,,99.71638991811902
h60,e_h60_121_td_1000by40.bin,4,1000000,singlepass_eif,32,0,523125,1.0,0.746,0,0.71,88296,,99.69458525101275
h60,e_h60_121_td_1000by40.bin,4,1000000,singlepass_eif,32,25,523006,1.0,0.746,0,0.709,88296,,99.65193030116518
h60,e_h60_121_td_1000by40.bin,4,1000000,singlepass_eif,32,50,523172,1.0,0.746,0,0.709,88296,,99.65011238814199
h60,e_h60_121_td_1000by40.bin,4,1000000,singlepass_eif,32,75,523207,1.0,0.746,0,0.709,88296,,99.64169864523926
h60,e_h60_121_td_1000by40.bin,4,1000000,singlepass_eif,32,100,523097,1.0,0.746,0,0.708,88296,,99.61181935812316
h60,e_h60_121_td_1000by40.bin,4,1000000,singlepass_eif,32,125,523051,1.0,0.746,0,0.709,88296,,99.67949398255259
h60,e_h60_121_td_1000by40.bin,4,1000000,singlepass_eif,32,150,523104,1.0,0.746,0,0.712,88296,,99.70070048821906
h60,e_h60_121_td_1000by40.bin,4,1000000,singlepass_eif,32,175,523104,1.0,0.746,0,0.71,88296,,99.64756586908983
h60,e_h60_121_td_1000by40.bin,4,1000000,singlepass_eif,32,200,523137,1.0,0.746,0,0.709,88296,,99.66029002738911
h60,e_h60_121_td_1000by40.bin,4,1000000,singlepass_eif,32,225,523000,0.999,0.746,0,0.71,88296,,99.70885753145188
h60,e_h60_121_td_1000by40.bin,4,1000000,singlepass_eif,32,250,523211,0.999,0.746,0,0.711,88296,,99.80230432379575
h60,e_h60_121_td_1000by40.bin,4,1000000,singlepass_eif,32,275,523036,0.997,0.746,0,0.709,88296,,99.82747603833866
h60,e_h60_121_td_1000by40.bin,4,1000000,singlepass_eif,32,300,523123,0.996,0.746,0,0.706,88296,,99.867637326274
ethylene_oxide,BQ_v_c2h4o_ethylene_oxide_240_d100_t1M_T15M.xz,4,1000000,eif_baseline,0,0,424817,,0.846,0,0.162,141800,,
ethylene_oxide,BQ_v_c2h4o_ethylene_oxide_240_d100_t1M_T15M.xz,4,1000000,singlepass_eif,4,0,424822,0.971,0.846,0,0.42,151740,,79.29378279818553
ethylene_oxide,BQ_v_c2h4o_ethylene_oxide_240_d100_t1M_T15M.xz,4,1000000,singlepass_eif,4,25,424820,0.936,0.846,0,0.46,151740,,83.16942536387569
ethylene_oxide,BQ_v_c2h4o_ethylene_oxide_240_d100_t1M_T15M.xz,4,1000000,singlepass_eif,4,50,424822,0.876,0.846,0,0.497,151740,,90.91490927709687
ethylene_oxide,BQ_v_c2h4o_ethylene_oxide_240_d100_t1M_T15M.xz,4,1000000,singlepass_eif,4,75,424818,0.852,0.846,0,0.497,151740,,94.14613396158502
ethylene_oxide,BQ_v_c2h4o_ethylene_oxide_240_d100_t1M_T15M.xz,4,1000000,singlepass_eif,4,100,424822,0.804,0.846,0,0.451,151740,,95.4436865976526
ethylene_oxide,BQ_v_c2h4o_ethylene_oxide_240_d100_t1M_T15M.xz,4,1000000,singlepass_eif,4,125,424822,0.747,0.846,0,0.392,151740,,99.08419386447576
ethylene_oxide,BQ_v_c2h4o_ethylene_oxide_240_d100_t1M_T15M.xz,4,1000000,singlepass_eif,4,150,424821,0.718,0.846,0,0.369,151740,,98.81216653035791
ethylene_oxide,BQ_v_c2h4o_ethylene_oxide_240_d100_t1M_T15M.xz,4,1000000,singlepass_eif,4,175,424823,0.662,0.846,0,0.327,151740,,98.59752402389404
ethylene_oxide,BQ_v_c2h4o_ethylene_oxide_240_d100_t1M_T15M.xz,4,1000000,singlepass_eif,4,200,424819,0.649,0.846,0,0.323,151740,,98.37984191449408
ethylene_oxide,BQ_v_c2h4o_ethylene_oxide_240_d100_t1M_T15M.xz,4,1000000,singlepass_eif,4,225,424823,0.656,0.846,0,0.334,151740,,98.69303378464956
ethylene_oxide,BQ_v_c2h4o_ethylene_oxide_240_d100_t1M_T15M.xz,4,1000000,singlepass_eif,4,250,424821,0.607,0.846,0,0.293,151740,,98.6019544583158
ethylene_oxide,BQ_v_c2h4o_ethylene_oxide_240_d100_t1M_T15M.xz,4,1000000,singlepass_eif,4,275,424820,0.594,0.846,0,0.287,151740,,98.87781149159562
ethylene_oxide,BQ_v_c2h4o_ethylene_oxide_240_d100_t1M_T15M.xz,4,1000000,singlepass_eif,4,300,424821,0.533,0.846,0,0.256,151740,,98.98812142542894
ethylene_oxide,BQ_v_c2h4o_ethylene_oxide_240_d100_t1M_T15M.xz,4,1000000,singlepass_eif,8,0,424827,1.0,0.846,0,0.805,155260,,99.2784090909091
ethylene_oxide,BQ_v_c2h4o_ethylene_oxide_240_d100_t1M_T15M.xz,4,1000000,singlepass_eif,8,25,424821,1.0,0.846,0,0.809,155260,,99.34315286624204
ethylene_oxide,BQ_v_c2h4o_ethylene_oxide_240_d100_t1M_T15M.xz,4,1000000,singlepass_eif,8,50,424825,0.997,0.846,0,0.812,155260,,99.35979513444302
ethylene_oxide,BQ_v_c2h4o_ethylene_oxide_240_d100_t1M_T15M.xz,4,1000000,singlepass_eif,8,75,424823,0.995,0.846,0,0.812,155260,,99.35970404097894
ethylene_oxide,BQ_v_c2h4o_ethylene_oxide_240_d100_t1M_T15M.xz,4,1000000,singlepass_eif,8,100,424821,0.994,0.846,0,0.817,155260,,99.53623353344524
ethylene_oxide,BQ_v_c2h4o_ethylene_oxide_240_d100_t1M_T15M.xz,4,1000000,singlepass_eif,8,125,424823,0.993,0.846,0,0.812,155260,,99.35094511500797
ethylene_oxide,BQ_v_c2h4o_ethylene_oxide_240_d100_t1M_T15M.xz,4,1000000,singlepass_eif,8,150,424827,0.991,0.846,0,0.813,155260,,99.53312266917186
ethylene_oxide,BQ_v_c2h4o_ethylene_oxide_240_d100_t1M_T15M.xz,4,1000000,singlepass_eif,8,175,424820,0.99,0.846,0,0.811,155260,,99.48182102895538
ethylene_oxide,BQ_v_c2h4o_ethylene_oxide_240_d100_t1M_T15M.xz,4,1000000,singlepass_eif,8,200,424818,0.988,0.846,0,0.813,155260,,99.53855356481613
ethylene_oxide,BQ_v_c2h4o_ethylene_oxide_240_d100_t1M_T15M.xz,4,1000000,singlepass_eif,8,225,424822,0.986,0.846,0,0.808,155260,,99.60909635632152
ethylene_oxide,BQ_v_c2h4o_ethylene_oxide_240_d100_t1M_T15M.xz,4,1000000,singlepass_eif,8,250,424823,0.98,0.846,0,0.797,155260,,99.56821366274913
ethylene_oxide,BQ_v_c2h4o_ethylene_oxide_240_d100_t1M_T15M.xz,4,1000000,singlepass_eif,8,275,424822,0.977,0.846,0,0.784,155260,,99.47218955279538
ethylene_oxide,BQ_v_c2h4o_ethylene_oxide_240_d100_t1M_T15M.xz,4,1000000,singlepass_eif,8,300,424821,0.968,0.846,0,0.78,155260,,99.57758620689656
ethylene_oxide,BQ_v_c2h4o_ethylene_oxide_240_d100_t1M_T15M.xz,4,1000000,singlepass_eif,16,0,424822,1.0,0.846,0,0.816,136380,,99.815377623768
ethylene_oxide,BQ_v_c2h4o_ethylene_oxide_240_d100_t1M_T15M.xz,4,1000000,singlepass_eif,16,25,424820,1.0,0.846,0,0.816,136380,,99.84377662898369
ethylene_oxide,BQ_v_c2h4o_ethylene_oxide_240_d100_t1M_T15M.xz,4,1000000,singlepass_eif,16,50,424823,1.0,0.846,0,0.818,136380,,99.80666988883519
ethylene_oxide,BQ_v_c2h4o_ethylene_oxide_240_d100_t1M_T15M.xz,4,1000000,singlepass_eif,16,75,424822,1.0,0.846,0,0.821,136380,,99.88626347067019
ethylene_oxide,BQ_v_c2h4o_ethylene_oxide_240_d100_t1M_T15M.xz,4,1000000,singlepass_eif,16,100,424823,1.0,0.846,0,0.823,136380,,99.92036857971674
ethylene_oxide,BQ_v_c2h4o_ethylene_oxide_240_d100_t1M_T15M.xz,4,1000000,singlepass_eif,16,125,424826,0.999,0.846,0,0.824,136380,,99.95733667055377
ethylene_oxide,BQ_v_c2h4o_ethylene_oxide_240_d100_t1M_T15M.xz,4,1000000,singlepass_eif,16,150,424823,0.999,0.846,0,0.824,136380,,99.95734516294148
ethylene_oxide,BQ_v_c2h4o_ethylene_oxide_240_d100_t1M_T15M.xz,4,1000000,singlepass_eif,16,175,424825,0.999,0.846,0,0.822,136380,,99.900426742532
ethylene_oxide,BQ_v_c2h4o_ethylene_oxide_240_d100_t1M_T15M.xz,4,1000000,singlepass_eif,16,200,424821,0.998,0.846,0,0.822,136380,,99.90893568582811
ethylene_oxide,BQ_v_c2h4o_ethylene_oxide_240_d100_t1M_T15M.xz,4,1000000,singlepass_eif,16,225,424823,0.998,0.846,0,0.822,136380,,99.92884993027293
ethylene_oxide,BQ_v_c2h4o_ethylene_oxide_240_d100_t1M_T15M.xz,4,1000000,singlepass_eif,16,250,424822,0.998,0.846,0,0.822,136380,,99.90038706739526
ethylene_oxide,BQ_v_c2h4o_ethylene_oxide_240_d100_t1M_T15M.xz,4,1000000,singlepass_eif,16,275,424818,0.998,0.846,0,0.821,136380,,99.90607656183293
ethylene_oxide,BQ_v_c2h4o_ethylene_oxide_240_d100_t1M_T15M.xz,4,1000000,singlepass_eif,16,300,424823,0.997,0.846,0,0.823,136380,,99.96016389710904
ethylene_oxide,BQ_v_c2h4o_ethylene_oxide_240_d100_t1M_T15M.xz,4,1000000,singlepass_eif,24,0,424821,1.0,0.846,0,0.817,143420,,99.8836681420951
ethylene_oxide,BQ_v_c2h4o_ethylene_oxide_240_d100_t1M_T15M.xz,4,1000000,singlepass_eif,24,25,424822,1.0,0.846,0,0.815,143420,,99.86382206082615
ethylene_oxide,BQ_v_c2h4o_ethylene_oxide_240_d100_t1M_T15M.xz,4,1000000,singlepass_eif,24,50,424819,1.0,0.846,0,0.818,143420,,99.89783176296969
ethylene_oxide,BQ_v_c2h4o_ethylene_oxide_240_d100_t1M_T15M.xz,4,1000000,singlepass_eif,24,75,424822,1.0,0.846,0,0.822,143420,,99.94606409856077
ethylene_oxide,BQ_v_c2h4o_ethylene_oxide_240_d100_t1M_T15M.xz,4,1000000,singlepass_eif,24,100,424821,1.0,0.846,0,0.822,143420,,99.95741177138639
ethylene_oxide,BQ_v_c2h4o_ethylene_oxide_240_d100_t1M_T15M.xz,4,1000000,singlepass_eif,24,125,424821,1.0,0.846,0,0.824,143420,,99.99148090302428
ethylene_oxide,BQ_v_c2h4o_ethylene_oxide_240_d100_t1M_T15M.xz,4,1000000,singlepass_eif,24,150,424816,1.0,0.846,0,0.823,143420,,99.96308496138118
ethylene_oxide,BQ_v_c2h4o_ethylene_oxide_240_d100_t1M_T15M.xz,4,1000000,singlepass_eif,24,175,424827,1.0,0.846,0,0.824,143420,,99.99431979551264
ethylene_oxide,BQ_v_c2h4o_ethylene_oxide_240_d100_t1M_T15M.xz,4,1000000,singlepass_eif,24,200,424825,1.0,0.846,0,0.822,143420,,99.9659090909091
ethylene_oxide,BQ_v_c2h4o_ethylene_oxide_240_d100_t1M_T15M.xz,4,1000000,singlepass_eif,24,225,424823,1.0,0.846,0,0.822,143420,,99.96875088775887
ethylene_oxide,BQ_v_c2h4o_ethylene_oxide_240_d100_t1M_T15M.xz,4,1000000,singlepass_eif,24,250,424827,1.0,0.846,0,0.824,143420,,100.0
ethylene_oxide,BQ_v_c2h4o_ethylene_oxide_240_d100_t1M_T15M.xz,4,1000000,singlepass_eif,24,275,424826,1.0,0.846,0,0.823,143420,,99.9801142013011
ethylene_oxide,BQ_v_c2h4o_ethylene_oxide_240_d100_t1M_T15M.xz,4,1000000,singlepass_eif,24,300,424818,1.0,0.846,0,0.823,143420,,99.99715884876552
ethylene_oxide,BQ_v_c2h4o_ethylene_oxide_240_d100_t1M_T15M.xz,4,1000000,singlepass_eif,32,0,424827,1.0,0.846,0,0.818,150460,,99.92058089403223
ethylene_oxide,BQ_v_c2h4o_ethylene_oxide_240_d100_t1M_T15M.xz,4,1000000,singlepass_eif,32,25,424821,1.0,0.846,0,0.819,150460,,99.93759219335074
ethylene_oxide,BQ_v_c2h4o_ethylene_oxide_240_d100_t1M_T15M.xz,4,1000000,singlepass_eif,32,50,424823,1.0,0.846,0,0.819,150460,,99.93759219335074
ethylene_oxide,BQ_v_c2h4o_ethylene_oxide_240_d100_t1M_T15M.xz,4,1000000,singlepass_eif,32,75,424822,1.0,0.846,0,0.822,150460,,99.98013620885358
ethylene_oxide,BQ_v_c2h4o_ethylene_oxide_240_d100_t1M_T15M.xz,4,1000000,singlepass_eif,32,100,424822,1.0,0.846,0,0.823,150460,,99.98580795322302
ethylene_oxide,BQ_v_c2h4o_ethylene_oxide_240_d100_t1M_T15M.xz,4,1000000,singlepass_eif,32,125,424825,1.0,0.846,0,0.823,150460,,99.98296615943674
ethylene_oxide,BQ_v_c2h4o_ethylene_oxide_240_d100_t1M_T15M.xz,4,1000000,singlepass_eif,32,150,424820,1.0,0.846,0,0.824,150460,,99.99716046227674
ethylene_oxide,BQ_v_c2h4o_ethylene_oxide_240_d100_t1M_T15M.xz,4,1000000,singlepass_eif,32,175,424817,1.0,0.846,0,0.824,150460,,99.99432027944225
ethylene_oxide,BQ_v_c2h4o_ethylene_oxide_240_d100_t1M_T15M.xz,4,1000000,singlepass_eif,32,200,424823,1.0,0.846,0,0.823,150460,,99.99715997841584
ethylene_oxide,BQ_v_c2h4o_ethylene_oxide_240_d100_t1M_T15M.xz,4,1000000,singlepass_eif,32,225,424821,1.0,0.846,0,0.823,150460,,100.0
ethylene_oxide,BQ_v_c2h4o_ethylene_oxide_240_d100_t1M_T15M.xz,4,1000000,singlepass_eif,32,250,424824,1.0,0.846,0,0.823,150460,,100.0
ethylene_oxide,BQ_v_c2h4o_ethylene_oxide_240_d100_t1M_T15M.xz,4,1000000,singlepass_eif,32,275,424817,1.0,0.846,0,0.823,150460,,100.0
ethylene_oxide,BQ_v_c2h4o_ethylene_oxide_240_d100_t1M_T15M.xz,4,1000000,singlepass_eif,32,300,424822,1.0,0.846,0,0.823,150460,,99.99431898878001
hc3h2cn,BQ_v_hc3h2cn_288_d100_t1M_T63M.xz,4,1000000,eif_baseline,0,0,433303,,0.844,0,0.164,141800,,
hc3h2cn,BQ_v_hc3h2cn_288_d100_t1M_T63M.xz,4,1000000,singlepass_eif,4,0,433296,0.973,0.844,0,0.384,151740,,75.53586091683891
hc3h2cn,BQ_v_hc3h2cn_288_d100_t1M_T63M.xz,4,1000000,singlepass_eif,4,25,433294,0.907,0.844,0,0.45,151740,,82.09012520670919
hc3h2cn,BQ_v_hc3h2cn_288_d100_t1M_T63M.xz,4,1000000,singlepass_eif,4,50,433300,0.824,0.844,0,0.48,151740,,90.51902463486492
hc3h2cn,BQ_v_hc3h2cn_288_d100_t1M_T63M.xz,4,1000000,singlepass_eif,4,75,433304,0.783,0.844,0,0.476,151740,,94.26874919323609
hc3h2cn,BQ_v_hc3h2cn_288_d100_t1M_T63M.xz,4,1000000,singlepass_eif,4,100,433290,0.739,0.844,0,0.451,151740,,96.57872340425531
hc3h2cn,BQ_v_hc3h2cn_288_d100_t1M_T63M.xz,4,1000000,singlepass_eif,4,125,433293,0.692,0.844,0,0.389,151740,,98.16242282541191
hc3h2cn,BQ_v_hc3h2cn_288_d100_t1M_T63M.xz,4,1000000,singlepass_eif,4,150,433296,0.662,0.844,0,0.37,151740,,98.41378263509411
hc3h2cn,BQ_v_hc3h2cn_288_d100_t1M_T63M.xz,4,1000000,singlepass_eif,4,175,433300,0.618,0.844,0,0.329,151740,,98.22584011688583
hc3h2cn,BQ_v_hc3h2cn_288_d100_t1M_T63M.xz,4,1000000,singlepass_eif,4,200,433306,0.595,0.844,0,0.315,151740,,98.26324223656286
hc3h2cn,BQ_v_hc3h2cn_288_d100_t1M_T63M.xz,4,1000000,singlepass_eif,4,225,433302,0.581,0.844,0,0.311,151740,,98.56407122905028
hc3h2cn,BQ_v_hc3h2cn_288_d100_t1M_T63M.xz,4,1000000,singlepass_eif,4,250,433295,0.542,0.844,0,0.285,151740,,98.69692949203943
hc3h2cn,BQ_v_hc3h2cn_288_d100_t1M_T63M.xz,4,1000000,singlepass_eif,4,275,433304,0.541,0.844,0,0.285,151740,,98.57266021649583
hc3h2cn,BQ_v_hc3h2cn_288_d100_t1M_T63M.xz,4,1000000,singlepass_eif,4,300,433299,0.508,0.844,0,0.264,151740,,98.5033435940983
hc3h2cn,BQ_v_hc3h2cn_288_d100_t1M_T63M.xz,4,1000000,singlepass_eif,8,0,433296,0.999,0.844,0,0.711,155260,,97.08526362232517
hc3h2cn,BQ_v_hc3h2cn_288_d100_t1M_T63M.xz,4,1000000,singlepass_eif,8,25,433290,0.998,0.844,0,0.715,155260,,97.23526487322543
hc3h2cn,BQ_v_hc3h2cn_288_d100_t1M_T63M.xz,4,1000000,singlepass_eif,8,50,433291,0.982,0.844,0,0.727,155260,,97.42853197072228
hc3h2cn,BQ_v_hc3h2cn_288_d100_t1M_T63M.xz,4,1000000,singlepass_eif,8,75,433305,0.971,0.844,0,0.727,155260,,97.44597249508841
hc3h2cn,BQ_v_hc3h2cn_288_d100_t1M_T63M.xz,4,1000000,singlepass_eif,8,100,433303,0.962,0.844,0,0.731,155260,,97.70067236656429
hc3h2cn,BQ_v_hc3h2cn_288_d100_t1M_T63M.xz,4,1000000,singlepass_eif,8,125,433306,0.951,0.844,0,0.737,155260,,97.96284539155879
hc3h2cn,BQ_v_hc3h2cn_288_d100_t1M_T63M.xz,4,1000000,singlepass_eif,8,150,433293,0.943,0.844,0,0.735,155260,,98.3325037332006
hc3h2cn,BQ_v_hc3h2cn_288_d100_t1M_T63M.xz,4,1000000,singlepass_eif,8,175,433297,0.935,0.844,0,0.72,155260,,98.35060737768862
hc3h2cn,BQ_v_hc3h2cn_288_d100_t1M_T63M.xz,4,1000000,singlepass_eif,8,200,433297,0.925,0.844,0,0.71,155260,,98.603673068835
hc3h2cn,BQ_v_hc3h2cn_288_d100_t1M_T63M.xz,4,1000000,singlepass_eif,8,225,433302,0.916,0.844,0,0.694,155260,,98.63787938732833
hc3h2cn,BQ_v_hc3h2cn_288_d100_t1M_T63M.xz,4,1000000,singlepass_eif,8,250,433303,0.902,0.844,0,0.668,155260,,98.82578138392091
hc3h2cn,BQ_v_hc3h2cn_288_d100_t1M_T63M.xz,4,1000000,singlepass_eif,8,275,433298,0.893,0.844,0,0.663,155260,,98.68637584086382
hc3h2cn,BQ_v_hc3h2cn_288_d100_t1M_T63M.xz,4,1000000,singlepass_eif,8,300,433290,0.877,0.844,0,0.641,155260,,98.79219301572483
hc3h2cn,BQ_v_hc3h2cn_288_d100_t1M_T63M.xz,4,1000000,singlepass_eif,16,0,433305,1.0,0.844,0,0.727,162300,,97.92717550097852
hc3h2cn,BQ_v_hc3h2cn_288_d100_t1M_T63M.xz,4,1000000,singlepass_eif,16,25,433305,1.0,0.844,0,0.723,162300,,97.6861555432984
hc3h2cn,BQ_v_hc3h2cn_288_d100_t1M_T63M.xz,4,1000000,singlepass_eif,16,50,433308,0.998,0.844,0,0.736,162300,,97.87844511269898
hc3h2cn,BQ_v_hc3h2cn_288_d100_t1M_T63M.xz,4,1000000,singlepass_eif,16,75,433300,0.995,0.844,0,0.736,162300,,97.96752457748812
hc3h2cn,BQ_v_hc3h2cn_288_d100_t1M_T63M.xz,4,1000000,singlepass_eif,16,100,433299,0.992,0.844,0,0.739,162300,,98.10191188236267
hc3h2cn,BQ_v_hc3h2cn_288_d100_t1M_T63M.xz,4,1000000,singlepass_eif,16,125,433300,0.987,0.844,0,0.736,162300,,98.0313112626667
hc3h2cn,BQ_v_hc3h2cn_288_d100_t1M_T63M.xz,4,1000000,singlepass_eif,16,150,433296,0.983,0.844,0,0.739,162300,,98.09805112350246
hc3h2cn,BQ_v_hc3h2cn_288_d100_t1M_T63M.xz,4,1000000,singlepass_eif,16,175,433295,0.98,0.844,0,0.735,162300,,98.10304837640821
hc3h2cn,BQ_v_hc3h2cn_288_d100_t1M_T63M.xz,4,1000000,singlepass_eif,16,200,433302,0.977,0.844,0,0.745,162300,,98.11393698395604
hc3h2cn,BQ_v_hc3h2cn_288_d100_t1M_T63M.xz,4,1000000,singlepass_eif,16,225,433297,0.975,0.844,0,0.745,162300,,98.16761873223501
hc3h2cn,BQ_v_hc3h2cn_288_d100_t1M_T63M.xz,4,1000000,singlepass_eif,16,250,433291,0.972,0.844,0,0.734,162300,,97.92771883289124
hc3h2cn,BQ_v_hc3h2cn_288_d100_t1M_T63M.xz,4,1000000,singlepass_eif,16,275,433305,0.968,0.844,0,0.739,162300,,98.08266106752127
hc3h2cn,BQ_v_hc3h2cn_288_d100_t1M_T63M.xz,4,1000000,singlepass_eif,16,300,433301,0.966,0.844,0,0.745,162300,,98.24600110314395
hc3h2cn,BQ_v_hc3h2cn_288_d100_t1M_T63M.xz,4,1000000,singlepass_eif,24,0,433302,1.0,0.844,0,0.738,169340,,98.23944629075228
hc3h2cn,BQ_v_hc3h2cn_288_d100_t1M_T63M.xz,4,1000000,singlepass_eif,24,25,433308,1.0,0.844,0,0.74,169340,,98.27898550724638
hc3h2cn,BQ_v_hc3h2cn_288_d100_t1M_T63M.xz,4,1000000,singlepass_eif,24,50,433311,1.0,0.844,0,0.748,169340,,98.40768702814002
hc3h2cn,BQ_v_hc3h2cn_288_d100_t1M_T63M.xz,4,1000000,singlepass_eif,24,75,433303,0.999,0.844,0,0.741,169340,,98.22265086800772
hc3h2cn,BQ_v_hc3h2cn_288_d100_t1M_T63M.xz,4,1000000,singlepass_eif,24,100,433305,0.999,0.844,0,0.749,169340,,98.30569078856891
hc3h2cn,BQ_v_hc3h2cn_288_d100_t1M_T63M.xz,4,1000000,singlepass_eif,24,125,433302,0.997,0.844,0,0.746,169340,,98.2683625151415
hc3h2cn,BQ_v_hc3h2cn_288_d100_t1M_T63M.xz,4,1000000,singlepass_eif,24,150,433298,0.995,0.844,0,0.738,169340,,98.24174612798325
hc3h2cn,BQ_v_hc3h2cn_288_d100_t1M_T63M.xz,4,1000000,singlepass_eif,24,175,433298,0.993,0.844,0,0.75,169340,,98.34819953749587
hc3h2cn,BQ_v_hc3h2cn_288_d100_t1M_T63M.xz,4,1000000,singlepass_eif,24,200,433304,0.991,0.844,0,0.749,169340,,98.3586693104208
hc3h2cn,BQ_v_hc3h2cn_288_d100_t1M_T63M.xz,4,1000000,singlepass_eif,24,225,433298,0.989,0.844,0,0.754,169340,,98.49830853433812
hc3h2cn,BQ_v_hc3h2cn_288_d100_t1M_T63M.xz,4,1000000,singlepass_eif,24,250,433299,0.988,0.844,0,0.751,169340,,98.3866971340473
hc3h2cn,BQ_v_hc3h2cn_288_d100_t1M_T63M.xz,4,1000000,singlepass_eif,24,275,433304,0.987,0.844,0,0.756,169340,,98.46513546967405
hc3h2cn,BQ_v_hc3h2cn_288_d100_t1M_T63M.xz,4,1000000,singlepass_eif,24,300,433302,0.986,0.844,0,0.745,169340,,98.31867919847855
hc3h2cn,BQ_v_hc3h2cn_288_d100_t1M_T63M.xz,4,1000000,singlepass_eif,32,0,433296,1.0,0.844,0,0.746,176380,,98.36960996898416
hc3h2cn,BQ_v_hc3h2cn_288_d100_t1M_T63M.xz,4,1000000,singlepass_eif,32,25,433303,1.0,0.844,0,0.744,176380,,98.35669803297577
hc3h2cn,BQ_v_hc3h2cn_288_d100_t1M_T63M.xz,4,1000000,singlepass_eif,32,50,433297,1.0,0.844,0,0.751,176380,,98.51281770376862
hc3h2cn,BQ_v_hc3h2cn_288_d100_t1M_T63M.xz,4,1000000,singlepass_eif,32,75,433299,1.0,0.844,0,0.75,176380,,98.40445982314495
hc3h2cn,BQ_v_hc3h2cn_288_d100_t1M_T63M.xz,4,1000000,singlepass_eif,32,100,433300,1.0,0.844,0,0.754,176380,,98.48252016903572
hc3h2cn,BQ_v_hc3h2cn_288_d100_t1M_T63M.xz,4,1000000,singlepass_eif,32,125,433301,1.0,0.844,0,0.758,176380,,98.62188005150826
hc3h2cn,BQ_v_hc3h2cn_288_d100_t1M_T63M.xz,4,1000000,singlepass_eif,32,150,433301,0.999,0.844,0,0.758,176380,,98.65250562599483
hc3h2cn,BQ_v_hc3h2cn_288_d100_t1M_T63M.xz,4,1000000,singlepass_eif,32,175,433303,0.998,0.844,0,0.752,176380,,98.50208883025506
hc3h2cn,BQ_v_hc3h2cn_288_d100_t1M_T63M.xz,4,1000000,singlepass_eif,32,200,433303,0.997,0.844,0,0.761,176380,,98.66688610928242
hc3h2cn,BQ_v_hc3h2cn_288_d100_t1M_T63M.xz,4,1000000,singlepass_eif,32,225,433297,0.996,0.844,0,0.758,176380,,98.5601231039789
hc3h2cn,BQ_v_hc3h2cn_288_d100_t1M_T63M.xz,4,1000000,singlepass_eif,32,250,433299,0.994,0.844,0,0.76,176380,,98.52234337663765
hc3h2cn,BQ_v_hc3h2cn_288_d100_t1M_T63M.xz,4,1000000,singlepass_eif,32,275,433306,0.993,0.844,0,0.757,176380,,98.48668280871671
hc3h2cn,BQ_v_hc3h2cn_288_d100_t1M_T63M.xz,4,1000000,singlepass_eif,32,300,433306,0.992,0.844,0,0.751,176380,,98.45349477160154
shor_rsa24,shor_modmult_N16777259_a3_pow0.bin,4,1000000,eif_baseline,0,0,60393,,0.933,0,0.26,88084,,
shor_rsa24,shor_modmult_N16777259_a3_pow0.bin,4,1000000,singlepass_eif,4,0,60385,0.994,0.933,0,0.432,98024,,71.41302480096225
shor_rsa24,shor_modmult_N16777259_a3_pow0.bin,4,1000000,singlepass_eif,4,25,60383,0.952,0.933,0,0.524,98024,,78.75613552017239
shor_rsa24,shor_modmult_N16777259_a3_pow0.bin,4,1000000,singlepass_eif,4,50,60382,0.86,0.933,0,0.647,98024,,98.0779462623038
shor_rsa24,shor_modmult_N16777259_a3_pow0.bin,4,1000000,singlepass_eif,4,75,60379,0.807,0.933,0,0.607,98024,,99.74487988094394
shor_rsa24,shor_modmult_N16777259_a3_pow0.bin,4,1000000,singlepass_eif,4,100,60174,0.782,0.933,0,0.61,98024,,99.75886006576543
shor_rsa24,shor_modmult_N16777259_a3_pow0.bin,4,1000000,singlepass_eif,4,125,60383,0.76,0.933,0,0.586,98024,,99.81176116256306
shor_rsa24,shor_modmult_N16777259_a3_pow0.bin,4,1000000,singlepass_eif,4,150,60381,0.753,0.933,0,0.573,98024,,99.8936170212766
shor_rsa24,shor_modmult_N16777259_a3_pow0.bin,4,1000000,singlepass_eif,4,175,60387,0.748,0.933,0,0.536,98024,,99.67843197304954
shor_rsa24,shor_modmult_N16777259_a3_pow0.bin,4,1000000,singlepass_eif,4,200,60381,0.746,0.933,0,0.573,98024,,99.67766692248657
shor_rsa24,shor_modmult_N16777259_a3_pow0.bin,4,1000000,singlepass_eif,4,225,60346,0.738,0.933,0,0.561,98024,,99.94567747943505
shor_rsa24,shor_modmult_N16777259_a3_pow0.bin,4,1000000,singlepass_eif,4,250,60248,0.733,0.933,0,0.548,98024,,99.72626310026591
shor_rsa24,shor_modmult_N16777259_a3_pow0.bin,4,1000000,singlepass_eif,4,275,60274,0.732,0.933,0,0.551,98024,,99.89041095890411
shor_rsa24,shor_modmult_N16777259_a3_pow0.bin,4,1000000,singlepass_eif,4,300,60333,0.729,0.933,0,0.549,98024,,99.66221523959152
shor_rsa24,shor_modmult_N16777259_a3_pow0.bin,4,1000000,singlepass_eif,8,0,60385,0.996,0.933,0,0.525,101544,,76.57884208721495
shor_rsa24,shor_modmult_N16777259_a3_pow0.bin,4,1000000,singlepass_eif,8,25,60387,0.995,0.933,0,0.534,101544,,76.84294871794872
shor_rsa24,shor_modmult_N16777259_a3_pow0.bin,4,1000000,singlepass_eif,8,50,60297,0.956,0.933,0,0.571,101544,,82.35153969861219
shor_rsa24,shor_modmult_N16777259_a3_pow0.bin,4,1000000,singlepass_eif,8,75,60400,0.916,0.933,0,0.687,101544,,91.09797822706065
shor_rsa24,shor_modmult_N16777259_a3_pow0.bin,4,1000000,singlepass_eif,8,100,60292,0.87,0.933,0,0.72,101544,,99.12067720979067
shor_rsa24,shor_modmult_N16777259_a3_pow0.bin,4,1000000,singlepass_eif,8,125,60389,0.834,0.933,0,0.666,101544,,99.43111720356409
shor_rsa24,shor_modmult_N16777259_a3_pow0.bin,4,1000000,singlepass_eif,8,150,60384,0.818,0.933,0,0.63,101544,,99.93013832611429
shor_rsa24,shor_modmult_N16777259_a3_pow0.bin,4,1000000,singlepass_eif,8,175,60389,0.806,0.933,0,0.62,101544,,99.74451777730467
shor_rsa24,shor_modmult_N16777259_a3_pow0.bin,4,1000000,singlepass_eif,8,200,60385,0.794,0.933,0,0.621,101544,,99.84863773965691
shor_rsa24,shor_modmult_N16777259_a3_pow0.bin,4,1000000,singlepass_eif,8,225,60388,0.779,0.933,0,0.6,101544,,99.97795576456757
shor_rsa24,shor_modmult_N16777259_a3_pow0.bin,4,1000000,singlepass_eif,8,250,60361,0.773,0.933,0,0.586,101544,,99.82971792403939
shor_rsa24,shor_modmult_N16777259_a3_pow0.bin,4,1000000,singlepass_eif,8,275,60385,0.772,0.933,0,0.585,101544,,99.95551271594869
shor_rsa24,shor_modmult_N16777259_a3_pow0.bin,4,1000000,singlepass_eif,8,300,60380,0.768,0.933,0,0.577,101544,,99.75400670890794
shor_rsa24,shor_modmult_N16777259_a3_pow0.bin,4,1000000,singlepass_eif,16,0,60294,1.0,0.933,0,0.649,74216,,81.59062464444192
shor_rsa24,shor_modmult_N16777259_a3_pow0.bin,4,1000000,singlepass_eif,16,25,60289,0.998,0.933,0,0.658,74216,,81.91919767508121
shor_rsa24,shor_modmult_N16777259_a3_pow0.bin,4,1000000,singlepass_eif,16,50,60377,0.997,0.933,0,0.659,74216,,82.00137001940861
shor_rsa24,shor_modmult_N16777259_a3_pow0.bin,4,1000000,singlepass_eif,16,75,60281,0.981,0.933,0,0.673,74216,,85.00608801530701
shor_rsa24,shor_modmult_N16777259_a3_pow0.bin,4,1000000,singlepass_eif,16,100,60295,0.96,0.933,0,0.702,74216,,87.35543562066307
shor_rsa24,shor_modmult_N16777259_a3_pow0.bin,4,1000000,singlepass_eif,16,125,60378,0.948,0.933,0,0.733,74216,,90.45075325610708
shor_rsa24,shor_modmult_N16777259_a3_pow0.bin,4,1000000,singlepass_eif,16,150,60380,0.937,0.933,0,0.7,74216,,90.26467903863706
shor_rsa24,shor_modmult_N16777259_a3_pow0.bin,4,1000000,singlepass_eif,16,175,60383,0.9,0.933,0,0.767,74216,,98.52950497559739
shor_rsa24,shor_modmult_N16777259_a3_pow0.bin,4,1000000,singlepass_eif,16,200,60278,0.878,0.933,0,0.765,74216,,99.92203742203742
shor_rsa24,shor_modmult_N16777259_a3_pow0.bin,4,1000000,singlepass_eif,16,225,60340,0.862,0.933,0,0.739,74216,,99.9401913875598
shor_rsa24,shor_modmult_N16777259_a3_pow0.bin,4,1000000,singlepass_eif,16,250,60365,0.856,0.933,0,0.73,74216,,99.96665110384846
shor_rsa24,shor_modmult_N16777259_a3_pow0.bin,4,1000000,singlepass_eif,16,275,60292,0.848,0.933,0,0.72,74216,,99.9865338001616
shor_rsa24,shor_modmult_N16777259_a3_pow0.bin,4,1000000,singlepass_eif,16,300,60254,0.837,0.933,0,0.703,74216,,99.97955149614887
shor_rsa24,shor_modmult_N16777259_a3_pow0.bin,4,1000000,singlepass_eif,24,0,60382,1.0,0.933,0,0.719,81256,,87.72468714448236
shor_rsa24,shor_modmult_N16777259_a3_pow0.bin,4,1000000,singlepass_eif,24,25,60383,1.0,0.933,0,0.718,81256,,87.72618641174462
shor_rsa24,shor_modmult_N16777259_a3_pow0.bin,4,1000000,singlepass_eif,24,50,60387,0.999,0.933,0,0.711,81256,,87.38831028399066
shor_rsa24,shor_modmult_N16777259_a3_pow0.bin,4,1000000,singlepass_eif,24,75,60386,0.998,0.933,0,0.716,81256,,87.63027507261233
shor_rsa24,shor_modmult_N16777259_a3_pow0.bin,4,1000000,singlepass_eif,24,100,60384,0.986,0.933,0,0.72,81256,,89.19838523644752
shor_rsa24,shor_modmult_N16777259_a3_pow0.bin,4,1000000,singlepass_eif,24,125,60382,0.979,0.933,0,0.743,81256,,91.60425013063926
shor_rsa24,shor_modmult_N16777259_a3_pow0.bin,4,1000000,singlepass_eif,24,150,60402,0.969,0.933,0,0.738,81256,,91.54532644434006
shor_rsa24,shor_modmult_N16777259_a3_pow0.bin,4,1000000,singlepass_eif,24,175,60274,0.955,0.933,0,0.72,81256,,90.96270701775289
shor_rsa24,shor_modmult_N16777259_a3_pow0.bin,4,1000000,singlepass_eif,24,200,60381,0.95,0.933,0,0.713,81256,,90.93195975083853
shor_rsa24,shor_modmult_N16777259_a3_pow0.bin,4,1000000,singlepass_eif,24,225,60354,0.942,0.933,0,0.749,81256,,94.32422630560929
shor_rsa24,shor_modmult_N16777259_a3_pow0.bin,4,1000000,singlepass_eif,24,250,60379,0.923,0.933,0,0.795,81256,,99.25345508390917
shor_rsa24,shor_modmult_N16777259_a3_pow0.bin,4,1000000,singlepass_eif,24,275,60388,0.908,0.933,0,0.782,81256,,99.5922975600577
shor_rsa24,shor_modmult_N16777259_a3_pow0.bin,4,1000000,singlepass_eif,24,300,60284,0.895,0.933,0,0.766,81256,,99.96180533452161
shor_rsa24,shor_modmult_N16777259_a3_pow0.bin,4,1000000,singlepass_eif,32,0,60393,1.0,0.933,0,0.773,88296,,91.80831106815985
shor_rsa24,shor_modmult_N16777259_a3_pow0.bin,4,1000000,singlepass_eif,32,25,60274,1.0,0.933,0,0.775,88296,,91.8528625845699
shor_rsa24,shor_modmult_N16777259_a3_pow0.bin,4,1000000,singlepass_eif,32,50,60380,1.0,0.933,0,0.774,88296,,91.95042919674833
shor_rsa24,shor_modmult_N16777259_a3_pow0.bin,4,1000000,singlepass_eif,32,75,60272,1.0,0.933,0,0.776,88296,,91.8808278371617
shor_rsa24,shor_modmult_N16777259_a3_pow0.bin,4,1000000,singlepass_eif,32,100,60383,0.999,0.933,0,0.777,88296,,92.00614474283114
shor_rsa24,shor_modmult_N16777259_a3_pow0.bin,4,1000000,singlepass_eif,32,125,60392,0.993,0.933,0,0.786,88296,,93.2043281616763
shor_rsa24,shor_modmult_N16777259_a3_pow0.bin,4,1000000,singlepass_eif,32,150,60381,0.982,0.933,0,0.802,88296,,94.90073508132198
shor_rsa24,shor_modmult_N16777259_a3_pow0.bin,4,1000000,singlepass_eif,32,175,60386,0.971,0.933,0,0.797,88296,,95.13665359630129
shor_rsa24,shor_modmult_N16777259_a3_pow0.bin,4,1000000,singlepass_eif,32,200,60396,0.968,0.933,0,0.802,88296,,95.05665472905537
shor_rsa24,shor_modmult_N16777259_a3_pow0.bin,4,1000000,singlepass_eif,32,225,60382,0.967,0.933,0,0.79,88296,,95.14174802964357
shor_rsa24,shor_modmult_N16777259_a3_pow0.bin,4,1000000,singlepass_eif,32,250,60381,0.962,0.933,0,0.795,88296,,95.85179932636058
shor_rsa24,shor_modmult_N16777259_a3_pow0.bin,4,1000000,singlepass_eif,32,275,60287,0.956,0.933,0,0.822,88296,,97.44138997976913
shor_rsa24,shor_modmult_N16777259_a3_pow0.bin,4,1000000,singlepass_eif,32,300,60388,0.947,0.933,0,0.81,88296,,97.71826588207037
grover_sat,sat_grover_schoning_n784_new.bin,4,1000000,eif_baseline,0,0,320411,,0.894,0,0.165,380132,,
grover_sat,sat_grover_schoning_n784_new.bin,4,1000000,singlepass_eif,4,0,320406,0.995,0.894,0,0.495,362276,,86.19951040391678
grover_sat,sat_grover_schoning_n784_new.bin,4,1000000,singlepass_eif,4,25,320405,0.961,0.894,0,0.518,362276,,89.36907624840855
grover_sat,sat_grover_schoning_n784_new.bin,4,1000000,singlepass_eif,4,50,320405,0.883,0.894,0,0.5,362276,,97.6261811477299
grover_sat,sat_grover_schoning_n784_new.bin,4,1000000,singlepass_eif,4,75,320405,0.861,0.894,0,0.481,362276,,99.29596853490659
grover_sat,sat_grover_schoning_n784_new.bin,4,1000000,singlepass_eif,4,100,320405,0.851,0.894,0,0.463,362276,,99.51464035646086
grover_sat,sat_grover_schoning_n784_new.bin,4,1000000,singlepass_eif,4,125,320406,0.837,0.894,0,0.444,362276,,99.54413425851219
grover_sat,sat_grover_schoning_n784_new.bin,4,1000000,singlepass_eif,4,150,320405,0.827,0.894,0,0.435,362276,,99.68074656188605
grover_sat,sat_grover_schoning_n784_new.bin,4,1000000,singlepass_eif,4,175,320405,0.821,0.894,0,0.433,362276,,99.88886602181519
grover_sat,sat_grover_schoning_n784_new.bin,4,1000000,singlepass_eif,4,200,320418,0.812,0.894,0,0.422,362276,,99.77041242277508
grover_sat,sat_grover_schoning_n784_new.bin,4,1000000,singlepass_eif,4,225,320411,0.801,0.894,0,0.411,362276,,99.66689155000843
grover_sat,sat_grover_schoning_n784_new.bin,4,1000000,singlepass_eif,4,250,320408,0.799,0.894,0,0.401,362276,,99.6528512764066
grover_sat,sat_grover_schoning_n784_new.bin,4,1000000,singlepass_eif,4,275,320405,0.794,0.894,0,0.397,362276,,99.71928033686359
grover_sat,sat_grover_schoning_n784_new.bin,4,1000000,singlepass_eif,4,300,320408,0.785,0.894,0,0.383,362276,,99.75388601036269
grover_sat,sat_grover_schoning_n784_new.bin,4,1000000,singlepass_eif,8,0,320412,1.0,0.894,0,0.842,365796,,99.45460054539946
grover_sat,sat_grover_schoning_n784_new.bin,4,1000000,singlepass_eif,8,25,320405,1.0,0.894,0,0.848,365796,,99.5314343502444
grover_sat,sat_grover_schoning_n784_new.bin,4,1000000,singlepass_eif,8,50,320405,1.0,0.894,0,0.856,365796,,99.72645300732836
grover_sat,sat_grover_schoning_n784_new.bin,4,1000000,singlepass_eif,8,75,320405,1.0,0.894,0,0.857,365796,,99.91546057081023
grover_sat,sat_grover_schoning_n784_new.bin,4,1000000,singlepass_eif,8,100,320405,1.0,0.894,0,0.857,365796,,99.94924029643667
grover_sat,sat_grover_schoning_n784_new.bin,4,1000000,singlepass_eif,8,125,320405,0.999,0.894,0,0.857,365796,,99.96275479108824
grover_sat,sat_grover_schoning_n784_new.bin,4,1000000,singlepass_eif,8,150,320407,0.999,0.894,0,0.856,365796,,99.97290248281001
grover_sat,sat_grover_schoning_n784_new.bin,4,1000000,singlepass_eif,8,175,320408,0.999,0.894,0,0.855,365796,,99.97289054557777
grover_sat,sat_grover_schoning_n784_new.bin,4,1000000,singlepass_eif,8,200,320405,0.999,0.894,0,0.855,365796,,99.97966722017011
grover_sat,sat_grover_schoning_n784_new.bin,4,1000000,singlepass_eif,8,225,320407,0.999,0.894,0,0.855,365796,,99.97627038204685
grover_sat,sat_grover_schoning_n784_new.bin,4,1000000,singlepass_eif,8,250,320405,0.999,0.894,0,0.852,365796,,99.96268909843295
grover_sat,sat_grover_schoning_n784_new.bin,4,1000000,singlepass_eif,8,275,320405,0.998,0.894,0,0.848,365796,,99.97623816151261
grover_sat,sat_grover_schoning_n784_new.bin,4,1000000,singlepass_eif,8,300,320405,0.998,0.894,0,0.846,365796,,99.96604183645748
grover_sat,sat_grover_schoning_n784_new.bin,4,1000000,singlepass_eif,16,0,320405,1.0,0.894,0,0.847,372836,,99.57236177520372
grover_sat,sat_grover_schoning_n784_new.bin,4,1000000,singlepass_eif,16,25,320405,1.0,0.894,0,0.848,372836,,99.57236177520372
grover_sat,sat_grover_schoning_n784_new.bin,4,1000000,singlepass_eif,16,50,320405,1.0,0.894,0,0.847,372836,,99.58574700255961
grover_sat,sat_grover_schoning_n784_new.bin,4,1000000,singlepass_eif,16,75,320412,1.0,0.894,0,0.85,372836,,99.716857113965
grover_sat,sat_grover_schoning_n784_new.bin,4,1000000,singlepass_eif,16,100,320405,1.0,0.894,0,0.853,372836,,99.77054933189365
grover_sat,sat_grover_schoning_n784_new.bin,4,1000000,singlepass_eif,16,125,320414,1.0,0.894,0,0.856,372836,,99.88518556039577
grover_sat,sat_grover_schoning_n784_new.bin,4,1000000,singlepass_eif,16,150,320413,1.0,0.894,0,0.857,372836,,99.9324141659908
grover_sat,sat_grover_schoning_n784_new.bin,4,1000000,singlepass_eif,16,175,320405,1.0,0.894,0,0.858,372836,,99.94928834646201
grover_sat,sat_grover_schoning_n784_new.bin,4,1000000,singlepass_eif,16,200,320405,1.0,0.894,0,0.858,372836,,99.96279510248259
grover_sat,sat_grover_schoning_n784_new.bin,4,1000000,singlepass_eif,16,225,320405,1.0,0.894,0,0.859,372836,,99.96955242058256
grover_sat,sat_grover_schoning_n784_new.bin,4,1000000,singlepass_eif,16,250,320405,1.0,0.894,0,0.857,372836,,99.97292266034862
grover_sat,sat_grover_schoning_n784_new.bin,4,1000000,singlepass_eif,16,275,320412,0.999,0.894,0,0.858,372836,,99.97969336988527
grover_sat,sat_grover_schoning_n784_new.bin,4,1000000,singlepass_eif,16,300,320405,0.999,0.894,0,0.858,372836,,99.9830697863407
grover_sat,sat_grover_schoning_n784_new.bin,4,1000000,singlepass_eif,24,0,320412,1.0,0.894,0,0.847,379876,,99.67346663973608
grover_sat,sat_grover_schoning_n784_new.bin,4,1000000,singlepass_eif,24,25,320417,1.0,0.894,0,0.849,379876,,99.62637584570332
grover_sat,sat_grover_schoning_n784_new.bin,4,1000000,singlepass_eif,24,50,320415,1.0,0.894,0,0.849,379876,,99.62637584570332
grover_sat,sat_grover_schoning_n784_new.bin,4,1000000,singlepass_eif,24,75,320413,1.0,0.894,0,0.848,379876,,99.64314570428225
grover_sat,sat_grover_schoning_n784_new.bin,4,1000000,singlepass_eif,24,100,320412,1.0,0.894,0,0.848,379876,,99.78778589955199
grover_sat,sat_grover_schoning_n784_new.bin,4,1000000,singlepass_eif,24,125,320419,1.0,0.894,0,0.853,379876,,99.74057477847781
grover_sat,sat_grover_schoning_n784_new.bin,4,1000000,singlepass_eif,24,150,320412,1.0,0.894,0,0.853,379876,,99.86172473103774
grover_sat,sat_grover_schoning_n784_new.bin,4,1000000,singlepass_eif,24,175,320415,1.0,0.894,0,0.856,379876,,99.87516026722452
grover_sat,sat_grover_schoning_n784_new.bin,4,1000000,singlepass_eif,24,200,320415,1.0,0.894,0,0.857,379876,,99.9628729580127
grover_sat,sat_grover_schoning_n784_new.bin,4,1000000,singlepass_eif,24,225,320408,1.0,0.894,0,0.859,379876,,99.96284536918192
grover_sat,sat_grover_schoning_n784_new.bin,4,1000000,singlepass_eif,24,250,320415,1.0,0.894,0,0.858,379876,,99.95270110476706
grover_sat,sat_grover_schoning_n784_new.bin,4,1000000,singlepass_eif,24,275,320412,1.0,0.894,0,0.859,379876,,99.96620022983844
grover_sat,sat_grover_schoning_n784_new.bin,4,1000000,singlepass_eif,24,300,320412,1.0,0.894,0,0.857,379876,,99.97295561340049
grover_sat,sat_grover_schoning_n784_new.bin,4,1000000,singlepass_eif,32,0,320404,1.0,0.894,0,0.848,386916,,99.71040845876688
grover_sat,sat_grover_schoning_n784_new.bin,4,1000000,singlepass_eif,32,25,320406,1.0,0.894,0,0.849,386916,,99.71040845876688
grover_sat,sat_grover_schoning_n784_new.bin,4,1000000,singlepass_eif,32,50,320404,1.0,0.894,0,0.848,386916,,99.71040845876688
grover_sat,sat_grover_schoning_n784_new.bin,4,1000000,singlepass_eif,32,75,320406,1.0,0.894,0,0.848,386916,,99.71040845876688
grover_sat,sat_grover_schoning_n784_new.bin,4,1000000,singlepass_eif,32,100,320402,1.0,0.894,0,0.849,386916,,99.7305762300879
grover_sat,sat_grover_schoning_n784_new.bin,4,1000000,singlepass_eif,32,125,320408,1.0,0.894,0,0.846,386916,,99.69014179380957
grover_sat,sat_grover_schoning_n784_new.bin,4,1000000,singlepass_eif,32,150,320406,1.0,0.894,0,0.852,386916,,99.75746142963013
grover_sat,sat_grover_schoning_n784_new.bin,4,1000000,singlepass_eif,32,175,320406,1.0,0.894,0,0.853,386916,,99.83153638814017
grover_sat,sat_grover_schoning_n784_new.bin,4,1000000,singlepass_eif,32,200,320406,1.0,0.894,0,0.854,386916,,99.89212513484358
grover_sat,sat_grover_schoning_n784_new.bin,4,1000000,singlepass_eif,32,225,320409,1.0,0.894,0,0.856,386916,,99.94603345925526
grover_sat,sat_grover_schoning_n784_new.bin,4,1000000,singlepass_eif,32,250,320418,1.0,0.894,0,0.856,386916,,99.95949777237747
grover_sat,sat_grover_schoning_n784_new.bin,4,1000000,singlepass_eif,32,275,320411,1.0,0.894,0,0.857,386916,,99.9662481436479
grover_sat,sat_grover_schoning_n784_new.bin,4,1000000,singlepass_eif,32,300,320406,1.0,0.894,0,0.858,386916,,99.96961409905803
